,ABAB,ABCA,ABCB,ABCD,Total_Passes,High_pass_Ratio_Total,Low_pass_Ratio_Total,High_pass_Ratio_Zone2,Low_pass_Ratio_Zone2,High_pass_Ratio_Zone1,Low_pass_Ratio_Zone1,High_pass_Ratio_Zone3,Low_pass_Ratio_Zone3,Backward Pass_Zone_1 Ratio,Backward Pass_Zone_2 Ratio,Backward Pass_Zone_3 Ratio,Forward Pass_Zone_1 Ratio,Forward Pass_Zone_2 Ratio,Forward Pass_Zone_3 Ratio,Side Pass_Zone_1 Ratio,Side Pass_Zone_2 Ratio,Side Pass_Zone_3 Ratio,Backward Pass Ratio,Forward Pass Ratio,Side Pass Ratio,Total Shots,Far Shots Ratio,Middle Distance Shots Ratio,Near Shots Ratio,Connectivity,labels,names
0,0.03383217773858432,0.0975960524001679,0.09760494470156704,0.7709668251596806,390.57894736842104,0.15997944783824014,0.8278502425079978,0.10030163608605058,0.8877633079992635,0.21256479874059134,0.7863819510950382,0.20105831375739272,0.7679335407915148,0.026721795159239402,0.08432348626269717,0.047380856561703814,0.1538489485783435,0.15095066898097234,0.04139732117715498,0.15764462089177414,0.22310470603808186,0.11462759635003243,0.15842613798364047,0.3461969387364709,0.4953769232798885,8.0,0.22479554148529213,0.47059669708561674,0.27829197195540684,7.228771228771229,2,Swansea City
1,0.03403580987952317,0.09916406221706384,0.09911963267148059,0.7676804952319323,599.5526315789474,0.09393287932145605,0.8830576246596633,0.058290313480372384,0.9243695415074185,0.1278118656812083,0.8706770213005262,0.11977537774900113,0.8246792360154478,0.01737047310997861,0.0648963668695108,0.05003085289775712,0.1080412278193332,0.14911762027433187,0.05923580767370562,0.1340347071471239,0.2521433797000765,0.16512956450818203,0.13229769287724663,0.31639465576737075,0.5513076513553825,14.157894736842104,0.29124059381261314,0.4714676005446235,0.23729180564276336,8.071436458278564,0,Arsenal
2,0.03464708636030975,0.09285938069245317,0.09300437273468391,0.779489160212553,538.6052631578947,0.1177933192815805,0.863689646871295,0.07932431871462245,0.9063706155839862,0.12376411623165827,0.874198916393703,0.17273370301633656,0.7804718380270002,0.024075293635378935,0.0631800920419373,0.051385436128733475,0.13281724710467535,0.1416986603683137,0.05076615694506414,0.16035250992628552,0.22560318046153854,0.15012142338807266,0.1386408218060498,0.3252820644180533,0.5360771137758968,14.473684210526315,0.30152038044640644,0.39913935053696725,0.29934026901662625,7.826616366090049,0,Chelsea
3,0.034868928217377027,0.09745861435288714,0.09854797858860036,0.7691244788411353,509.7894736842105,0.1271989743549856,0.8501878437003804,0.0784383489331524,0.9044947040685256,0.1706700558636391,0.8267089584072939,0.16432345035402252,0.7800974879878093,0.019940514754882472,0.07176038706212871,0.05494167729771577,0.12000610519762107,0.153357123655675,0.05744054346606398,0.1263669262247876,0.25314916971085283,0.14303755263027218,0.14664257911472706,0.33080377231936015,0.5225536485659127,12.263157894736842,0.3262774613587307,0.446909628469226,0.22681291017204325,7.800843892949156,0,Manchester United
4,0.035231280401319474,0.09945601439719712,0.1011196768559,0.7641930283455833,586.0,0.11800253184323597,0.85855660049195,0.07154633997610563,0.9124851949396677,0.16184893858613653,0.8367035604147703,0.16758731940475383,0.7667528279436555,0.0179239525748487,0.07291537923379231,0.048215655198381134,0.11053855496580144,0.15696978637394604,0.04992860804072435,0.12294689051301637,0.28512604186062107,0.13543513123886824,0.13905498700702223,0.3174369493804719,0.5435080636125058,15.789473684210526,0.24534841188540063,0.44193293150642016,0.31271865660817916,7.882201132201133,0,Liverpool
5,0.039338530743068055,0.09311724111285037,0.09473469494970754,0.7728095331943738,342.55263157894734,0.20274706319271085,0.7789519653260337,0.13653835565607034,0.8459562092988552,0.27100513009930777,0.726365212041757,0.22192213890860943,0.7324343846845811,0.026467117641324433,0.07244494721197926,0.04555899018828104,0.1803501823877729,0.16570807744027616,0.05186239144387065,0.13418061153579985,0.19760360112398692,0.1258240810267085,0.1444710550415848,0.3979206512719198,0.45760829368649536,10.789473684210526,0.3309018273608057,0.5078105911116747,0.16128758152751957,6.793522267206477,1,Newcastle United
6,0.03138485009846416,0.09192317585860128,0.09163498133143279,0.7850569927115016,552.3157894736842,0.11837857658453861,0.8593387486299416,0.07366753826917788,0.9114904636984583,0.15040547170974222,0.8479727769376881,0.16812932638310235,0.7710357585996493,0.019346403966503698,0.06585466441741723,0.0535836151456556,0.10835868011913734,0.15724012975717172,0.05593768460888538,0.1276901243756596,0.2573149382053379,0.15467375940423117,0.13878468352957662,0.3215364944851945,0.5396788219852288,14.947368421052632,0.3033220654963444,0.45905322316267894,0.23762471134097668,7.829525737420475,0,Tottenham Hotspur
7,0.03958222835003443,0.10530824165535627,0.10576456097764214,0.749344969016967,724.2894736842105,0.07157641242576106,0.907851439775678,0.04025443223128775,0.9477509669458046,0.08281349973504358,0.9160611466245818,0.1207015195271464,0.8265000083965529,0.017279767844608444,0.07474585500238068,0.0648279166727731,0.08204585921514143,0.14448256627347278,0.06034310229022694,0.11248236127033881,0.2952024518348385,0.14859011959621893,0.1568535395197623,0.28687152777884123,0.5562749327013964,15.868421052631579,0.28914064582889987,0.42866348730137327,0.28219586686972675,8.495390574337943,0,Manchester City
8,0.035421230409924016,0.08908230447678595,0.09068819328261288,0.784808271830677,327.6842105263158,0.2189619960749337,0.7677384602686332,0.13826987308069139,0.8467764888187379,0.2926587596357317,0.7049508629804726,0.2669766949026394,0.7039296446199396,0.03185669018847951,0.07132658984813642,0.04863308872633659,0.18214475673402392,0.16521492082152198,0.042300857874086016,0.1272422536912119,0.2015303508809868,0.12975049123521648,0.1518163687629526,0.389660535429632,0.4585230958074153,9.236842105263158,0.31336605645816173,0.45267251023829974,0.23396143330353855,6.921468881995198,1,West Bromwich Albion
9,0.03211552177408187,0.09264683172449432,0.09349668993729128,0.7817409565641323,358.0263157894737,0.18504215755135747,0.799895267328473,0.10856337523212051,0.878775350030461,0.2856174890501568,0.7138177322851537,0.2271302147824225,0.7303497701273433,0.02533929813140686,0.07903692686387061,0.050975092383356575,0.15411616447567475,0.17882635183541265,0.04553102079956839,0.11171844826100702,0.2334686168914628,0.12098808035823998,0.15535131737863414,0.37847353711065584,0.4661751455107099,8.631578947368421,0.2511421499037598,0.4873429546030166,0.26151489549322365,7.1267110082899565,1,West Ham United
10,0.031070107565313188,0.08914918145712136,0.08902729364276796,0.7907534173347974,311.86842105263156,0.20091923231525932,0.7825258498506962,0.1293638943680123,0.8563317887824633,0.29437502363319706,0.7040374659797093,0.21645137454217064,0.7401820050285961,0.02406422570476939,0.08057237393899826,0.04986936643724942,0.16598768526536642,0.17320379264674438,0.047877091723217594,0.11408301113160542,0.2152797789415745,0.1290626742104743,0.15450596608101716,0.3870685696353285,0.4584254642836543,9.342105263157896,0.3107746785378364,0.4065808460545302,0.28264447540763327,6.768428939481571,1,Stoke City
11,0.03503303512503001,0.08845593006584662,0.08940213764831614,0.787108897160807,335.92105263157896,0.21408489022632696,0.7728793766682243,0.12863503820252786,0.8592179739837509,0.33497290293537646,0.6643679568593703,0.22813633070003814,0.7394407559045045,0.026025984686408418,0.08880519730686216,0.05081583714588662,0.174912347282595,0.16883939670107684,0.048899904961189664,0.11046594517548339,0.21036802730122642,0.12086735943927111,0.1656470191391573,0.3926516489448616,0.44170133191598104,9.052631578947368,0.24304716611218158,0.5001640645216496,0.25678876936616873,6.941227193858772,1,Burnley
12,0.03289012216623305,0.09046531812318634,0.09134657427955697,0.7852979854310235,366.94736842105266,0.1735477233945547,0.811407283316537,0.10060349776240057,0.8837593820256223,0.24577602794299472,0.7521575422846396,0.21378790083323854,0.7512259564780003,0.026640253634386334,0.07762655239801179,0.04444980034300734,0.16560018696336481,0.15154579080149316,0.04758367531059229,0.1574190090595086,0.2087857183692441,0.1203490131203912,0.14871660637540557,0.3647296530754504,0.486553740549144,9.342105263157896,0.29043754364120494,0.46827497127840373,0.24128748508039125,6.9060080270606585,2,Brighton & Hove Albion
13,0.036137309488545995,0.09150790928453234,0.09062297383357494,0.7817318073933466,406.1764705882353,0.1726272894165787,0.8099086111966632,0.11455843066754468,0.8741173099108308,0.24243456821707193,0.7558955527104754,0.2045563160116408,0.7435249579334164,0.02338666694058659,0.06809355437487782,0.04591664172338002,0.1492864322496404,0.17331251706106215,0.05293530235793261,0.13451605372065548,0.22630101721894058,0.12625181435292399,0.13739686303884452,0.37553425166863524,0.4870688852925202,11.117647058823529,0.29043153597651866,0.4659357006891609,0.2436327633343204,7.487801414272003,2,Werder Bremen
14,0.029319181695433665,0.08819261325494174,0.08738381960221397,0.7951043854474105,647.5,0.11324403717963079,0.8702972800233255,0.07394296866209753,0.9163554649077981,0.12789411223024608,0.8700739356236981,0.17066632110041793,0.7831598920298036,0.019941050411358227,0.07371788882634339,0.053674852219468806,0.09766376597779576,0.14842420803673018,0.049599684092686926,0.13201278745275224,0.2757837698339999,0.14918199314886418,0.14733379145717052,0.2956876581072129,0.5569785504356165,15.735294117647058,0.26256049560083494,0.4929091016415678,0.2445304027575972,8.797565179918122,0,Bayern M\u00fcnchen
15,0.03713031146877979,0.10316839884618978,0.10387698730441372,0.7558243023806166,536.0294117647059,0.1166402967008578,0.8627894166745764,0.07021580673064709,0.9186110163921258,0.16857006475082317,0.8293777639610048,0.15509874237428434,0.7839247468506365,0.016762236462342577,0.07618319553068349,0.04981679059146805,0.1156079316878908,0.16267676562677474,0.05410401366785026,0.1194270539759898,0.2678281504379143,0.1375938620190856,0.14276222258449422,0.3323887109825159,0.5248490664329898,12.882352941176471,0.2659417860307656,0.44582392839029195,0.28823428557894243,7.9693737634914115,0,Borussia Dortmund
16,0.03186200124676552,0.09327267143028073,0.09538358900396025,0.7794817383189934,400.38235294117646,0.14506588010213095,0.837065840182705,0.0866376374859463,0.8985364294254614,0.20401870783657958,0.7947769614207509,0.1821974698758432,0.7597978966996515,0.02366042150790551,0.08608478391633934,0.0389065248402895,0.15499705356959828,0.15857403901667205,0.041146846090701183,0.16696867357991382,0.22782375248005185,0.10183790499852807,0.14865173026453446,0.35471793867697166,0.49663033105849386,10.382352941176471,0.3130252100840336,0.44087885154061623,0.2460959383753501,7.080887739711269,2,Schalke 04
17,0.040662940578089744,0.08838115545012996,0.08976952276036965,0.7811863812114105,368.6764705882353,0.1778870071265835,0.8041300068948319,0.1123767870158213,0.8745281745168958,0.2435161194934865,0.7560205638667261,0.2249725743888817,0.7201448201187362,0.02431713795893903,0.06331219637747239,0.039478937239961195,0.1595846164593233,0.18300787849947586,0.055718108648475,0.1287017383834533,0.2181277904078809,0.12775159602501862,0.12710827157637272,0.39831060360727427,0.47458112481635295,9.852941176470589,0.3279092951454543,0.4411121582185596,0.23097854663598605,7.319719496190084,1,Hamburger SV
18,0.03239636689474582,0.08885746523534968,0.0905693796355425,0.7881767882343619,423.1470588235294,0.14794481903332368,0.8349961694456792,0.08736690256621173,0.8945467476940563,0.20637421129991496,0.7920361367347947,0.1963773221781762,0.7583381230765833,0.025535362603632632,0.08157079675702714,0.043335697912772746,0.15073136906087725,0.1652778443420213,0.03998187725427371,0.16559190457749323,0.22690459999133544,0.10107054750056611,0.15044185727343262,0.3559910906571724,0.4935670520693949,9.294117647058824,0.2434618486089074,0.46257908757908756,0.293959063812005,7.488123641064818,2,Wolfsburg
19,0.0412597099528577,0.0919140371753101,0.0917317377491527,0.7750945151226794,370.7352941176471,0.16877700050726968,0.8184534917734698,0.10380444596823973,0.8851466872301089,0.23472571736101058,0.7652742826389893,0.20112109155688154,0.756826141631926,0.02865549212902496,0.07398418067300723,0.035931719293357166,0.1598695393810274,0.15985293993220825,0.034630992174916116,0.17704094776075227,0.2178807502803051,0.11215343837540112,0.13857139209538946,0.3543534714881519,0.5070751364164585,9.970588235294118,0.3034386698814854,0.37869323077618466,0.3178680993423299,7.006297623944683,2,Freiburg
20,0.03482065797143864,0.1001724976375213,0.1005918694388297,0.7644149749522102,470.47058823529414,0.12511768220690794,0.8546677876370057,0.07725920754032017,0.9061956312885577,0.18418032886624364,0.8137096637284637,0.13650629363809608,0.806357352762458,0.02658426923068813,0.07506634328633152,0.046220911255880216,0.13787755328827253,0.15329556035742262,0.04973208396703707,0.15445127292740501,0.23930134043263507,0.11747066525432748,0.14787152377289997,0.3409051976127323,0.5112232786143677,11.911764705882353,0.2507725934196522,0.41845290330584445,0.3307745032745033,7.931333372509844,2,Borussia M'gladbach
21,0.03561964302556809,0.08573082183194251,0.08526998099121871,0.7933795541512706,368.6470588235294,0.17957502795275943,0.8050365467843524,0.11744116269364413,0.8661602066721534,0.22505534496733354,0.7726712076142032,0.23115883584146518,0.7301991618306342,0.03211514102626467,0.06609232541762106,0.038222066051350076,0.17842800195136665,0.17143927544936566,0.04501603712934132,0.15829603248720775,0.19795254314140676,0.11243857734607571,0.1364295324952359,0.3948833145300737,0.4686871529746903,11.5,0.2843966086726968,0.532968816175427,0.18263457515187617,7.547119547119547,1,Hannover 96
22,0.03314562158312878,0.09788039611702193,0.09914430634818147,0.7698296759516676,397.6470588235294,0.16508345107000416,0.8169441089387618,0.09333022569978272,0.8897866281075458,0.25620386944077733,0.7426089714647307,0.17674994348260584,0.7687591606810589,0.028340806493063,0.08427644192104604,0.03984325279991322,0.1587164619961228,0.16560433881880732,0.04202322735143769,0.1465152919950209,0.22774760644346062,0.10693257218112805,0.15246050121402235,0.3663440281663679,0.4811954706196097,8.529411764705882,0.22166518122400472,0.5055820813173755,0.2727527374586198,7.331369610781375,2,Hertha BSC
23,0.03209304274099476,0.08860605932144763,0.08876152958825721,0.7905393683493003,348.0,0.17349489057618073,0.8091963414366329,0.12281647521434805,0.8610516435538846,0.22511339266933583,0.773206871666436,0.19792730682717483,0.7504783562250271,0.02347977390181927,0.0708477515169215,0.03949636266151511,0.160896892310414,0.16456495734654264,0.041063988103965623,0.15048803954742185,0.23049441770901563,0.11866781690238402,0.13382388808025597,0.36652583776092235,0.49965027415882163,11.294117647058824,0.356688233507119,0.421404174171202,0.22190759232167898,7.122622475563652,2,Mainz 05
24,0.03510454904856024,0.09013207252349231,0.09157602741113402,0.7831873510168132,355.88235294117646,0.22045325834741392,0.7598401195910689,0.15748490551919123,0.8229426066009907,0.2699007350705855,0.7281889523098899,0.26993679983540847,0.6814615354794826,0.02623313416245316,0.06825392615970304,0.036448650842664104,0.16988921882049385,0.1727061680762429,0.04983420610441204,0.15586276170584878,0.19385858493982722,0.1269133491883545,0.13093571116482042,0.3924295930011489,0.4766346958340306,11.617647058823529,0.2967512879277585,0.4485575698810993,0.2546911421911422,7.255989108930286,1,Augsburg
25,0.03343114614248054,0.09160081937801394,0.0924005597093388,0.7825674747701665,453.52941176470586,0.14288054609829426,0.8374232801432654,0.09162089384653227,0.8891870442739398,0.16823550674814863,0.829267211962341,0.2095674315652254,0.7321304631165093,0.03244180009031877,0.07648114653825225,0.03640643449872889,0.15445363739465215,0.1455004919655893,0.03926400330609697,0.17762506108335843,0.22027048624965598,0.11755693887334687,0.1453293811273,0.33921813266633855,0.5154524862063613,13.0,0.32343539899580215,0.4237011231501227,0.2528634778540751,8.148674854557207,2,Hoffenheim
26,0.0340043987901542,0.09218701488970243,0.09323590672754786,0.7805726795925954,512.7368421052631,0.13572796818151459,0.8496541072060088,0.08695552339559047,0.9015774752804243,0.16308276034831776,0.8346672210913895,0.20445925865110556,0.7583917574252365,0.021166982540183066,0.07455343100240895,0.05342005322449459,0.11536539493967694,0.15838540141632468,0.04826339670167474,0.13939343484659011,0.25413742040466264,0.1353144849239839,0.14914046676708673,0.3220141930576764,0.5288453401752368,14.68421052631579,0.29511763176623856,0.38852901699263925,0.3163533512411221,7.654954694428378,0,Milan
27,0.034214411141303025,0.09218598124016655,0.0926756534933414,0.7809239541251889,502.2894736842105,0.14194474320999917,0.8374464135879931,0.09734007603258427,0.8870703487442305,0.14754350292647606,0.8505556695897634,0.22537758488562468,0.7226829224297677,0.025191371749625588,0.07573955823733458,0.054230013970850165,0.10888580258559767,0.16877325469822133,0.05294319745264254,0.12846629045734737,0.2516613346979916,0.13410917615038884,0.15516094395781044,0.3306022547364616,0.5142368013057279,15.710526315789474,0.28630353825887117,0.43505694252715843,0.27863951921397034,7.74774348458559,0,Roma
28,0.028602968555501807,0.08933605054354582,0.08967578902397096,0.7923851918769813,566.2894736842105,0.10887636831248848,0.8771989960125319,0.07001904554129298,0.921066125414769,0.12665156767335203,0.8727271816207124,0.17239225790454907,0.7802684644535642,0.021167818650862452,0.07572226631166357,0.04356862590501,0.11130906334601826,0.14070582469808346,0.03779437366650977,0.16872238029251874,0.27563420673274336,0.1253754403965901,0.1404587108675361,0.28980926171061155,0.5697320274218524,12.657894736842104,0.287429859908181,0.4119852176006578,0.3005849224911612,8.168498168498168,0,Juventus
29,0.034644531782062664,0.0964653864916808,0.09781528751790819,0.7710747942083482,538.1578947368421,0.11908448986344923,0.8628710870338242,0.07102374168037325,0.9128601329309662,0.10535925565208867,0.893000354144272,0.23605616773362603,0.7219862969766203,0.021675982011508547,0.07304552117745172,0.04651891906842265,0.116046488158298,0.15697742741198314,0.050971957605887484,0.13885313079633765,0.26229881829194496,0.13361175547816548,0.141240422257383,0.3239958731761687,0.5347637045664482,14.105263157894736,0.3035834819194749,0.43993153513688255,0.25648498294364247,7.819982648930018,0,Internazionale
30,0.028975360911044485,0.09047630396740161,0.09049807099664049,0.7900502641249133,476.7368421052632,0.13426577739998755,0.8392293639001579,0.08367354569221577,0.8943713837643941,0.16532804608812865,0.8332309152789062,0.1886346292320903,0.7428877681716738,0.023874893830058763,0.0666653006161982,0.05009677535115866,0.13390591946066419,0.15407517613088498,0.049652317710199546,0.14811924153405936,0.23417265729103667,0.13943771807573935,0.14063696979741572,0.3376334133017488,0.5217296169008354,13.342105263157896,0.28825887689338886,0.431606392290562,0.28013473081604906,7.981974166184693,0,Lazio
31,0.03586628665582179,0.09929662882685707,0.09942618492604739,0.7654108995912736,398.86842105263156,0.14678254547240147,0.8360858802834713,0.0910347800218458,0.8948648779230506,0.1932700294203069,0.8054806748157397,0.19925119183231002,0.7461150300972752,0.02782967072801033,0.08206154058807692,0.04126152380103258,0.15380716017181506,0.15952457867301947,0.04262919207135006,0.15339098849618332,0.23423515535002395,0.10526019012048793,0.15115273511711994,0.3559609309161847,0.49288633396669523,7.842105263157895,0.36384456187087766,0.3645261171576961,0.2716293209714262,7.244746481588587,2,Bologna
32,0.03529672802961815,0.0871584523610864,0.0868178251023076,0.7907269945069878,490.3157894736842,0.1283843580536921,0.8518660708066478,0.0807078606632063,0.9068237416216401,0.17833068231101157,0.820217144952241,0.1601198028827648,0.7863336297880065,0.016457055329596584,0.06404086999239755,0.045062865449110166,0.11691922761929884,0.16240821968306393,0.05785496666364148,0.1455930392722589,0.23475248297163476,0.15691127301899738,0.1255607907711044,0.3371824139660044,0.5372567952628912,13.81578947368421,0.2173670001757564,0.4657902107277864,0.31684278909645713,7.7820994794679,0,Atalanta
33,0.034231923241128254,0.09184352972016649,0.09168891207004955,0.7822356349686556,370.89473684210526,0.19269448192966998,0.7904790227082408,0.14260905653876038,0.8417885617084928,0.22457214820878202,0.7739322864683299,0.2576129810408187,0.695952114528588,0.025444468024090415,0.07591992860365253,0.039722151886626554,0.15399365634450102,0.16842509599683667,0.043045668567205125,0.15254306773145618,0.22311477273300676,0.1177911901126244,0.1410865485143696,0.36546442090854286,0.49344903057708744,8.605263157894736,0.22661260523102625,0.47441582540266747,0.272655779892622,6.891507615191826,1,Cagliari
34,0.036556372703927455,0.10292507037929816,0.10331791451491208,0.7572006424018621,707.2105263157895,0.08706618891867328,0.8945793195847074,0.05823685277132739,0.930224509552225,0.09997632144919051,0.8988143684791637,0.13344174935426426,0.8183507674839896,0.018070967117216882,0.08629678503340814,0.06354266092882364,0.08610301482500977,0.17651105423554428,0.04985956572192366,0.10450448708937393,0.2808029776866459,0.13430848736205345,0.16791041307944876,0.3124736347824778,0.5196159521380734,15.921052631578947,0.4375957023737016,0.35610560245949385,0.2062986951668045,8.306535569693464,0,Napoli
35,0.03572587968287652,0.09017272335693924,0.09045100139357097,0.7836503955666131,352.55263157894734,0.18708822387963706,0.7998722280173752,0.12122187581071371,0.8676895244733099,0.23007344934221796,0.7686054162807328,0.2608526561971606,0.6981081397276689,0.03248012994218372,0.07734860612389285,0.0357663491686568,0.1714576851138747,0.15290272728550147,0.044449523961526925,0.16887064475436753,0.21055394130856647,0.10617039234142915,0.14559508523473344,0.3688099363609032,0.4855949784043633,8.236842105263158,0.2687466214555998,0.4053531500319426,0.3259002285124576,7.1516772700983235,2,Hellas Verona
36,0.03355528312454024,0.08571884679360516,0.08553357821525336,0.7951922918666011,331.44736842105266,0.2050030275496904,0.7798335643729901,0.14094362649410727,0.8477349437643737,0.26444724510599804,0.7345586769031898,0.2472304481656567,0.704328531023298,0.024490475219158005,0.06685507837022542,0.03789825337666641,0.16962326115787235,0.1777314084825039,0.04886300867411592,0.1377264864987437,0.21701669639833887,0.11979533182237509,0.12924380696604992,0.3962176783144922,0.47453851471945774,9.552631578947368,0.33736833658619547,0.4076593194342094,0.25497234397959506,6.695440524387894,1,Crotone
37,0.03110705612611966,0.08521607332374487,0.08684817945352535,0.7968286910966099,360.13157894736844,0.1690447191760541,0.8159940596201702,0.10134905858246515,0.8837961936988767,0.22083448841419775,0.7766557641007171,0.23597978492031943,0.7272402897749369,0.030716857763858813,0.08067001702708498,0.046163776175149246,0.15606757564972507,0.1557087595320349,0.03938292966724475,0.15327366174681153,0.2251377108587392,0.11287871157935109,0.15755065096609314,0.35115926484900484,0.49129008418490194,8.789473684210526,0.32528110841415386,0.4241567276621049,0.2505621639237412,6.858475734791523,2,SPAL
38,0.03834130416943407,0.09885301134011665,0.09984331958229697,0.7629623649081522,412.44736842105266,0.14382369151322405,0.8432602676937925,0.08855565176546025,0.9009904715039497,0.17303297696734268,0.825983822917269,0.22578048722344987,0.727855569529441,0.030714795878969164,0.08061778470558281,0.0373651237265824,0.15488188487401822,0.1474795863933301,0.039008589841132,0.17574335276456376,0.22795431036358837,0.10623457145223285,0.14869770431113447,0.3413700611084804,0.5099322345803851,11.026315789473685,0.33239778367487344,0.4109044056218979,0.2566978107032286,7.148409485251591,2,Benevento
39,0.03203094863328703,0.08702854096657972,0.08796838150401176,0.7929721288961213,351.36842105263156,0.1995197766371839,0.7841853149410568,0.13722111960318367,0.8494334592576438,0.24434252197496528,0.7541798573836778,0.24358176093712722,0.7145810286592148,0.023606383378357215,0.0605402740390535,0.04787999299681826,0.16089100041877094,0.16882213686715822,0.057609698106418285,0.13518721120449362,0.20036450583100085,0.14509879715792873,0.1320266504142291,0.3873228353923475,0.4806505141934233,11.263157894736842,0.3597119447188699,0.3912325170981681,0.24905553818296197,6.727965017438701,1,Sassuolo
40,0.033225761781054616,0.09527578622482884,0.09637102360740094,0.7751274283867154,486.8157894736842,0.09013567158300857,0.8907566974878275,0.052147487930641064,0.9325089590627216,0.11884277186378221,0.8795857197876716,0.1317603664606487,0.8128431134077231,0.020784474542957267,0.07603337615395012,0.04291616582529936,0.11689878377376212,0.1569852366812391,0.04878289679926527,0.1574879946738287,0.2609084713462947,0.11920260020340301,0.13973401652220688,0.3226669172542666,0.5375990662235265,13.263157894736842,0.29378450135130924,0.42682981453757074,0.27938568411111997,7.314295353769038,0,Olympique Lyonnais
41,0.03775587350383305,0.09837688487378754,0.0989025447278151,0.7649646968945641,629.1578947368421,0.07696449989489251,0.8980867578650852,0.04946119543701889,0.93537426243514,0.05143172583009221,0.9465605709370323,0.17156625503534392,0.7538807356727539,0.017219485167422548,0.07310980828584877,0.04545826992264927,0.08356989726130479,0.1635414521141183,0.0488917169980288,0.13103027740974554,0.3107122663612792,0.12646682647960236,0.13578756337592068,0.29600306637345203,0.5682093702506272,14.68421052631579,0.2507387796261945,0.49442545004872757,0.25483577032507787,8.248843262001158,0,PSG
42,0.03307534619081388,0.09167247625176425,0.09164086504139349,0.7836113125160282,362.1578947368421,0.18260260491618668,0.7979209426483891,0.12222669778065634,0.85958996631462,0.23760324582681253,0.7607161603128517,0.22222128020365017,0.7334050567265166,0.02246545264248666,0.0682606542668568,0.047375593834748785,0.15360840967318318,0.18051747319456016,0.055960455923568124,0.12459578632233274,0.20148206018455694,0.1457341139577062,0.1381017007440924,0.39008633879131155,0.471811960464596,11.394736842105264,0.3308567937739002,0.41366063226446786,0.2554825739616318,7.3745684140420975,1,Nantes
43,0.03636609503706856,0.099777833251536,0.10072614662645514,0.7631299250849402,489.0,0.11834598918257262,0.8629403968204491,0.07442509157580215,0.9095990840446057,0.12568943190574566,0.873135192087402,0.1984121110455069,0.7507019688512138,0.023490757385450974,0.07665625724414916,0.04428844209177862,0.130346936501374,0.1626743045654549,0.05196009402285322,0.15623662714803144,0.22994257169262483,0.12440400934828251,0.14443545672137886,0.3449813350896822,0.5105832081889389,14.763157894736842,0.21976120367515042,0.4657516123522829,0.3144871839725666,7.636350491613649,0,Olympique Marseille
44,0.03692229129878462,0.10242611943451918,0.10219015140488166,0.7584614378618144,424.63157894736844,0.13688424105433403,0.8467601087298483,0.0864854948071919,0.9012617480308902,0.16765127893539009,0.8312243566317483,0.19533386088243163,0.7581408189264741,0.0245959923729009,0.07435606222141602,0.04844949921089887,0.13419145747047997,0.1649391840947722,0.05058555801395108,0.14564274508921862,0.22857840900929363,0.12866109251706834,0.14740155380521588,0.34971619957920336,0.5028822466155807,10.894736842105264,0.3292120761935003,0.4087166660309075,0.26207125777559215,7.517173177699494,2,Bordeaux
45,0.03514495282430749,0.0991524354364933,0.10048706143727815,0.7652155503019209,556.078947368421,0.08459398701258751,0.9005091950193581,0.056676369986646276,0.9303223126524218,0.0862710621507454,0.9128657743078461,0.15520784705565516,0.7961135232072494,0.02269446830902484,0.08064355101820327,0.03764473014017868,0.1194089855406386,0.13837540690547995,0.033646478013476304,0.17525863267869393,0.2899478229852999,0.10237992440900419,0.14098274946740688,0.291430870459595,0.5675863800729981,10.973684210526315,0.32372149027171837,0.4671173864427897,0.20916112328549186,8.001662372715005,0,Nice
46,0.03400546144559934,0.09438229172397407,0.09448764988402994,0.7771245969463966,466.2105263157895,0.110422511744337,0.8700373878376823,0.07265914877690387,0.9082575341633025,0.13304188025628305,0.8650620149178263,0.17263330302622157,0.7776285075314707,0.022848237454890657,0.06959719374290868,0.039938780775965486,0.13152383418655117,0.16622773430357504,0.044600862126946215,0.15732099303374056,0.2502079824485072,0.11773438192691464,0.1323842119737649,0.3423524306170725,0.5252633574091625,10.289473684210526,0.2878166789351,0.42277404612930924,0.28940927493559065,7.7496056575003935,2,Lille
47,0.032340290369486956,0.08808587065011195,0.08838251105542339,0.7911913279249776,377.8157894736842,0.17058015553706368,0.8123781492800083,0.11610053171957035,0.8685071648789237,0.22902521912194168,0.7694247749359185,0.2075049947455995,0.7510339448712384,0.02096758294298595,0.07007013487816365,0.05036909519649667,0.1469159452614628,0.17538420890227285,0.049052403879817,0.12005239953214025,0.23662238576497668,0.13056584364168383,0.14140681301764635,0.37135255804355277,0.4872406289388008,10.447368421052632,0.27770407696878285,0.4574868479473742,0.2648090750838429,7.35975252817358,1,Metz
48,0.0352097052425109,0.09283854399980039,0.09284741593782112,0.7791043348198674,375.7894736842105,0.17174384575946985,0.808902374651303,0.11770911188957685,0.8636226773891152,0.19940681232012492,0.7987205480565116,0.24942062697733208,0.6969411741551373,0.024581684162359715,0.07587067193146738,0.041762389544288306,0.15186458188228405,0.15593612870931664,0.04106008922519774,0.1639772165788832,0.2283145009989092,0.11663273696729341,0.1422147456381155,0.3488607998167985,0.508924454545086,10.605263157894736,0.26730809926589627,0.46999071698945416,0.2627011837446496,7.163665282086335,2,Strasbourg
49,0.03674592404966038,0.08986654866766132,0.09009011461838197,0.7832974126642962,339.57894736842104,0.18406713303588468,0.7963602373002872,0.11759761998171675,0.8644544656755769,0.23689072388891835,0.7613808946717141,0.25163411821129644,0.7017859007500994,0.020822035493138238,0.06758308375679352,0.04293386266611795,0.15204465917175108,0.1871389376340154,0.05597130554233935,0.12051441912319671,0.21515522719649505,0.13783646941615235,0.1313389819160498,0.3951549023481059,0.47350611573584417,9.947368421052632,0.3142568182184444,0.4339843102328845,0.2517588715486711,7.153548206179785,1,Toulouse
50,0.03634278548491019,0.09221992693480381,0.09395862566738478,0.777478661912901,431.89473684210526,0.13495623892577452,0.8469711560487465,0.09002952226991845,0.8925855092418017,0.1648331408912819,0.8342158452103358,0.1863999527389974,0.7613375897286699,0.026165608984989888,0.08072646657496862,0.039437523573946115,0.14475996212210002,0.16995007671080467,0.048772670622593696,0.1510992761663499,0.23115829787676562,0.10793011736748104,0.14632959913390473,0.3634827094554985,0.49018769141059676,9.842105263157896,0.29382047623044855,0.46144270856874736,0.24473681520080412,7.458712340291288,2,Saint-\u00c9tienne
51,0.03173578770993009,0.09244262331944075,0.09322008495547339,0.7826015040151556,358.60526315789474,0.1864115971934701,0.7963088801419624,0.11623057164666231,0.8662121686027957,0.22085949563909169,0.7768787077420608,0.28008191218372946,0.6818761958889872,0.02611458699625479,0.07325910454307037,0.04182798523605927,0.1566767246942999,0.1694367336990939,0.04899078723289286,0.12624451823229296,0.2228488409682842,0.13460071839775137,0.14120167677538453,0.37510424562628675,0.48369407759832866,10.842105263157896,0.3339263441237125,0.46045909499856863,0.20561456087771876,7.319321906164012,1,Caen
52,0.0378389206800116,0.09026339725986703,0.09139900689004406,0.7804986751700772,348.2105263157895,0.1676041964165317,0.813002583670646,0.10388520206613938,0.8769782152506785,0.22189300131480566,0.7754522640103215,0.22724173590547683,0.7203111973153941,0.026923988626419034,0.06912102863403258,0.03373535581702664,0.17000396792613628,0.17209258958662108,0.04566703136662913,0.15016791486268152,0.21899048007689884,0.11329764310355452,0.12978037307747836,0.3877635888793866,0.482456038043135,8.552631578947368,0.3720484365995202,0.3813929878171364,0.24655857558334338,6.899074609600925,1,Amiens SC
53,0.035010985706222034,0.09261557600736121,0.0937251500523769,0.7786482882340398,390.13157894736844,0.1679634907220276,0.8156156109084849,0.11610017197987302,0.8688611803310513,0.2133589758762629,0.786102453780669,0.21040073293398498,0.7420530629435584,0.028869562181924224,0.0811906283401344,0.03894231774134724,0.1490998669247923,0.15306784733138698,0.04127739045319867,0.16407540760622288,0.22915363862993407,0.11432334079105887,0.14900250826340597,0.34344510470937806,0.5075523870272158,10.368421052631579,0.30133248244703353,0.44199452078709045,0.256672996765876,7.620695094379305,2,Dijon
54,0.031677074846506226,0.09608571385406454,0.09715208637637486,0.7750851249230543,581.078947368421,0.11445034001799448,0.8654206822850128,0.06818857374720316,0.9166632445798178,0.11340570665137542,0.8860386810581361,0.18760973717119525,0.7651532771159283,0.018901328245958526,0.07387546335805766,0.05784025768618845,0.09543361263763118,0.15152412309118307,0.06086638409874319,0.12984048685877844,0.2404069114262973,0.1713114325971618,0.15061704929020472,0.3078241198275576,0.5415588308822376,16.605263157894736,0.2837423713961163,0.45100541103993963,0.26525221756394396,8.525014459224986,0,Real Madrid
55,0.035384326627247574,0.09911812559902879,0.09835900491059331,0.7671385428631302,612.1052631578947,0.08653127599825021,0.8900528799428767,0.057885297381773546,0.9286025352720401,0.11399596899732747,0.8847379311495063,0.10633279319730113,0.8300010515280559,0.021734113545095177,0.07121736793228574,0.05717804755122763,0.0967067085922488,0.14983082662540892,0.05919752003899677,0.1303278756339324,0.2586930023966123,0.15511453768419195,0.15012952902860863,0.3057350552566545,0.5441354157147368,13.210526315789474,0.250340813365296,0.47282440890270444,0.2768347777319995,8.39892563576774,0,Barcelona
56,0.033857488601838404,0.09107998555115449,0.09218348247400485,0.7828790433730021,395.3157894736842,0.17704279870524772,0.8013760444095184,0.09953727950922008,0.8843153430249586,0.262065057711522,0.7364788109724634,0.23634055579028806,0.7066743126973201,0.021788913662690652,0.08076446638024799,0.049051258902678745,0.1363331096834957,0.168485186145107,0.05142985082638314,0.1231480952754656,0.23338732056521314,0.13561179855871766,0.1516046389456175,0.35624814665498594,0.49214721439939646,9.921052631578947,0.2126779481268645,0.4278193340886839,0.35950271778445153,7.939157333894175,2,Athletic Club
57,0.03437693198242429,0.09524068818175695,0.09470972088832881,0.7756726589474898,429.89473684210526,0.13587403805587334,0.8431017352658795,0.0907823446954303,0.8936290983690912,0.19453185965775469,0.8041250919101632,0.15417122164937996,0.786534091443919,0.02064064644265992,0.07468618774349327,0.05063107539332631,0.12678929407536105,0.16423860494126002,0.05532892804380154,0.13238801838117467,0.24820373396145567,0.12709351101746721,0.1459579095794796,0.3463568270604227,0.5076852633600977,9.31578947368421,0.268545500337296,0.4595183926840274,0.2719361069786766,7.281069807385596,2,Atl\u00e9tico Madrid
58,0.0356094332202207,0.09882733098784462,0.09932435290271652,0.766238882889218,474.39473684210526,0.12395830081815096,0.8529600019701932,0.07411710812983612,0.9099476409948523,0.15853277007239153,0.839471619377779,0.17412922988254959,0.7609537802574816,0.021510441401216992,0.07684947173504039,0.052144841794094975,0.136541857414481,0.16648195182046352,0.055174489782171404,0.1329471496983764,0.22802843557516367,0.1303213607789913,0.15050475493035242,0.35819829901711603,0.49129694605253144,12.342105263157896,0.30772302692250125,0.4130878956501428,0.27918907742735594,7.680271482903062,0,Sevilla
59,0.03414747128302233,0.09307730166151218,0.09465680692283297,0.7781184201326323,435.5263157894737,0.1315429676475076,0.8443886579961011,0.07943669142817546,0.8976213005290338,0.17574018430992908,0.8215359566708823,0.18481298607203245,0.7492147464775617,0.020731854741832964,0.0790071613141383,0.04303690318685008,0.13856336609110445,0.15126087398990432,0.04194479225031445,0.15697415910070037,0.2559598383068947,0.11252105101825997,0.14277591924282146,0.3317690323313233,0.5254550484258552,11.447368421052632,0.26015703594650963,0.44401495434390165,0.29582800970958867,7.274966261808367,2,Villarreal
60,0.03271304175847953,0.08758535326331081,0.0880303545620203,0.7916712504161892,351.05263157894734,0.18842133538303277,0.7952641156365776,0.11485741192359923,0.8712097403028407,0.25092823846431744,0.7468973802150372,0.2539863847208545,0.7022240027672878,0.022699348999285683,0.08169775307710452,0.047367156621527184,0.16432901927859722,0.15892858291768192,0.04697713607779002,0.13271952519647628,0.2185299312525943,0.1267515465789425,0.15176425869791751,0.3702347382740692,0.4780010030280131,9.052631578947368,0.3174093815541184,0.4585574878338036,0.22403313061207797,7.084104491999229,1,M\u00e1laga
61,0.03581438808994105,0.10128062574461327,0.10090647849426901,0.7619985076711766,509.0,0.10880331691426506,0.8742521910441257,0.05794557746027886,0.9249715476348355,0.15391042507512753,0.8452362249742894,0.15586819642474137,0.7989331564953784,0.028550398127655852,0.08682912967087889,0.05047624367710166,0.13171637398096533,0.13385764139887352,0.03737734783743946,0.1487680938795725,0.27221051434040083,0.1102142570871116,0.1658557714756365,0.3029513632172784,0.5311928653070851,9.447368421052632,0.2698325260051266,0.43899430677681456,0.2911731672180588,7.655340273761326,0,Real Betis
62,0.037195143178467116,0.0916310882103148,0.09278658078729307,0.7783871878239248,485.2631578947368,0.13203189311392036,0.8488761291181991,0.07024931828389422,0.9133005863824719,0.17063825746530292,0.8274831577617614,0.19492988071830653,0.753851417346504,0.033569418686180276,0.08705922195323079,0.054353866240122194,0.12960428498247922,0.14807044972588845,0.04840461288675433,0.15093830994326465,0.2247441090671734,0.12325572651490638,0.17498250687953332,0.3260793475951221,0.4989381455253445,11.842105263157896,0.22876195012417921,0.4699634515810986,0.3012745982947221,7.78368999421631,2,Real Sociedad
63,0.036571826006340666,0.09269017758094598,0.09443515781654278,0.7763028385961704,493.89473684210526,0.1338171386820304,0.8479652810673006,0.07660101364547527,0.9086923030897572,0.1772620260326335,0.8215390012164093,0.19859322432233104,0.7453553893312383,0.0302282825781466,0.08118887392952771,0.04486199372067151,0.12849778053927643,0.14954503267559488,0.04129742556650021,0.16338229472335777,0.24394718768740473,0.11705112857951976,0.1562791502283459,0.31934023878137163,0.5243806109902823,10.157894736842104,0.23919083367612778,0.4912432575164773,0.2695659088073949,8.104010025062657,2,Celta de Vigo
64,0.03248216176245498,0.0857945470280355,0.08684665755013173,0.7948766336593777,326.7368421052632,0.18129775975576073,0.7910656453595899,0.1083928624086859,0.866703758957514,0.23085336432428283,0.7676368953183472,0.2487259622355886,0.6788262372091859,0.026119394884655978,0.06639397638699288,0.04584952756360522,0.1541750097514992,0.16587619449851895,0.05769772848303935,0.133817513613198,0.21540066794920795,0.13466998686928208,0.13836289883525418,0.3777489327330576,0.4838881684316881,9.263157894736842,0.30028217396638446,0.4179876410139568,0.2817301850196587,7.063256918520077,1,Levante
65,0.034759167048925066,0.09219783738802437,0.09144861187570308,0.7815943836873473,300.7368421052632,0.19529840922146707,0.7854323789041209,0.12225666877632274,0.8605050285306762,0.2778540193094778,0.7201977480588798,0.23510427812610965,0.7151899353473193,0.021141012487118548,0.08026653092948734,0.0441694234078571,0.17266384524702105,0.17119650977043357,0.04404704241512527,0.13196551776265866,0.2121893508760432,0.12236076710425484,0.1455769668244631,0.38790739743257996,0.46651563574295674,8.710526315789474,0.35442382909488174,0.4650106837606838,0.1805654871444345,6.868305378831695,1,Deportivo Alav\u00e9s
66,0.03572156967655344,0.08776344353348145,0.08803113230810442,0.7884838544818605,281.36842105263156,0.23940713670502936,0.7314422190388962,0.16331564523003814,0.8146445702497583,0.3675239490868358,0.6316716637739641,0.21822997022073168,0.7073737082771713,0.02142564021831236,0.06032534511737035,0.05356497351141968,0.1812535897933902,0.1757004249193826,0.06666597986142656,0.1060519418123179,0.19316955409573092,0.14184255067064905,0.13531595884710249,0.4236199945741995,0.44106404657869797,8.342105263157896,0.26855220802589225,0.45549253378200744,0.27595525819210026,6.863334034386666,1,Getafe
67,0.03190689940274676,0.08249958649403688,0.08215710170166307,0.8034364124015532,400.63157894736844,0.22090030423200585,0.7667861026279136,0.14199870207974138,0.8497200899541738,0.3589923103337017,0.6403059352803333,0.24121081701779704,0.7287956287869332,0.019679331326295076,0.0843711469450414,0.0625852699317024,0.1318738652522987,0.17665042840490525,0.0542992307721874,0.08697406705630398,0.2264509499298757,0.15711571038138974,0.16663574820303895,0.3628235244293915,0.4705407273675695,10.657894736842104,0.34197151532677844,0.3728930791430791,0.2851354055301424,7.795406348037926,1,Eibar
68,0.032537865833520974,0.08929429329848337,0.08914572615085721,0.7890221147171383,322.0,0.1973904838763984,0.7864221766168725,0.11911264392016865,0.867985767221546,0.27284575209296646,0.7253449193779987,0.24449382443322562,0.7106312589124839,0.028365828334485713,0.07826809025981188,0.04663161941483604,0.17367030473160763,0.16264163020099096,0.048696650831388515,0.1323980844651215,0.2070300225125582,0.1222977692491992,0.15326553800913373,0.3850085857639872,0.461725876226879,9.394736842105264,0.2862856871370803,0.43373967578688943,0.2799746370760302,6.881934731934732,1,Legan\u00e9s
69,0.03160874932059215,0.09546192037113907,0.09600956469902011,0.7769197656092486,451.2631578947368,0.12809153022427222,0.8492522505927215,0.08027384077733209,0.9017327958070444,0.16653128110400894,0.8307875595176382,0.18109830118239556,0.7511662222181509,0.026061787856790152,0.07886237304276462,0.040813053057046696,0.13901683443082952,0.1538068953560431,0.04646897404381797,0.15661079747109605,0.24144471231234813,0.11691457242926337,0.14573721395660155,0.3392927038306907,0.5149700822127077,8.921052631578947,0.3144529176985996,0.40308714310873345,0.2824599391926669,7.911991517254675,2,Las Palmas
70,0.03514681644810336,0.09655081939861462,0.09729067034783272,0.7710116938054492,355.4736842105263,0.20082634670652993,0.7831925855154688,0.1156096106091371,0.8671041659871426,0.25564985152273667,0.7438607885032542,0.28958723924009183,0.6731911002307703,0.02581039704610477,0.08556313903866312,0.04996620971772529,0.15893227887045017,0.15100238151310608,0.04086690052603619,0.15195958872743978,0.21004055045346767,0.12585855410700658,0.1613397458024933,0.3508015609095925,0.4878586932879141,10.18421052631579,0.2752481089106405,0.45188802459066213,0.27286386649869726,6.94052000630948,1,Girona
