,ABAB,ABCA,ABCB,ABCD,Total_Passes,High_pass_Ratio_Total,Low_pass_Ratio_Total,Smart_pass_Ratio_Total,High_pass_Ratio_Zone2,Low_pass_Ratio_Zone2,High_pass_Ratio_Zone3,Low_pass_Ratio_Zone3,High_pass_Ratio_Zone1,Low_pass_Ratio_Zone1,Backward Pass_Zone_1 Ratio,Backward Pass_Zone_2 Ratio,Backward Pass_Zone_3 Ratio,Forward Pass_Zone_1 Ratio,Forward Pass_Zone_2 Ratio,Forward Pass_Zone_3 Ratio,Side Pass_Zone_1 Ratio,Side Pass_Zone_2 Ratio,Side Pass_Zone_3 Ratio,Backward Pass Ratio,Forward Pass Ratio,Side Pass Ratio,Short Ratio,Middle Ratio,Long Ratio,average_pass_length,labels,names
0,0.03301592236926257,0.08375587702911486,0.08517850114896164,0.7980496994526608,240.92105263157896,0.15823228461950206,0.8315385704213802,0.010229144959117626,0.09965883076218932,0.8877051053453813,0.1702556084224153,0.8023789041940655,0.21414247775962936,0.78480847520313,0.03310098810115438,0.07770270944615121,0.04050996953529386,0.1904696321809558,0.152653117171574,0.033968207242259366,0.18287783363328344,0.20089508580628115,0.08782245688304645,0.15131366708259955,0.37709095659478925,0.47159537632261117,0.32832810788872174,0.31568125188108737,0.3559906402301909,25.00183095422456,0,Swansea City
1,0.03489625404463846,0.08431237698475333,0.08308483723234035,0.7977065317382678,324.3421052631579,0.09075898582617106,0.8898786949840517,0.019362319189777266,0.05533249194429795,0.928108729104215,0.1076465217388014,0.8346329158422428,0.12671191432459122,0.8715679092938334,0.022632260181641523,0.0677382666066541,0.04325780954434539,0.14579227119957125,0.14954883243889294,0.04546922224314574,0.16995597275626909,0.2373442278048199,0.11826113722465975,0.13362833633264107,0.34081032588161,0.5255613377857489,0.34535781248749425,0.3555991179894366,0.299043069523069,22.7957079580889,2,Arsenal
2,0.033622156584404136,0.08178430872113707,0.08277465244384785,0.8018188822506108,301.44736842105266,0.10799056750450003,0.8754945062840798,0.016514926211420155,0.07064104353462629,0.9133572068052781,0.14865802690148955,0.8041092861563864,0.1231363283807493,0.8748138204630715,0.03174889862045884,0.06321642862484987,0.046928747106756985,0.17032385756706975,0.13646558911164455,0.03859026874753643,0.19177020731146732,0.2048871377335447,0.11606886517667117,0.1418940743520658,0.34537971542625084,0.5127262102216833,0.31220406272782714,0.35561434947048054,0.33218158780169227,24.087953594024086,2,Chelsea
3,0.03562099031479694,0.08285433173804345,0.08404087349422747,0.797483804452932,288.4736842105263,0.12472345278922206,0.8540322804559084,0.02124426675486943,0.07951893985095881,0.9020625549268266,0.13331431048755685,0.811749408317711,0.1762388333622154,0.8203096386304569,0.025273945048764096,0.07038631808943906,0.051619812855068635,0.15226141221307227,0.14919284931830837,0.0494423487494745,0.1502479242316312,0.23259002204652776,0.11898536744771372,0.1472800759932719,0.3508966102808552,0.5018233137258727,0.34298373301246743,0.340247896905751,0.3167683700817815,23.782217386509576,2,Manchester United
4,0.03381715377390126,0.0867562568002083,0.08745296768904931,0.791973621736841,332.60526315789474,0.11639001197110971,0.8617864611977456,0.021823526831144625,0.07338627799441451,0.9079615326949165,0.1450565757822243,0.7930753118212481,0.16091019644587817,0.8375948593932737,0.02294171075322163,0.07017009275550791,0.047426909462709686,0.14137611180921453,0.15675493138924482,0.04010670288947402,0.15311724794168494,0.2551659906195473,0.11294030237939476,0.1405387129714393,0.3382377460879335,0.5212235409406272,0.29489063175894376,0.357844422951231,0.3472649452898252,24.666217804396762,2,Liverpool
5,0.03541465459767142,0.08153794452750865,0.08330492203438147,0.7997424788404384,242.73684210526315,0.19476386292020306,0.7889078942361715,0.016328242843625468,0.12689371737485036,0.8569163440245046,0.18544522114254622,0.7682293185445538,0.27033540491142,0.7268394448888116,0.03147470306497043,0.07292468193967928,0.043901912234328974,0.20809448867033054,0.1635313574128406,0.040831997295209525,0.1446187330022293,0.18751753094902987,0.10710459543138108,0.14830129723897878,0.41245784337838076,0.4392408593826403,0.3283713932331692,0.31197738799665836,0.3596512187701723,25.490702186580943,1,Newcastle United
6,0.037283945909492876,0.08367865380323926,0.08504150193678843,0.7939958983504793,263.5263157894737,0.15416711224099441,0.8283878904572388,0.017444997301766744,0.10034669194671446,0.8843086974145781,0.1453233452813634,0.8018355563243662,0.22892545808077913,0.7696983859593215,0.026706135367786637,0.07765816675896829,0.051093778141360756,0.1681691669845207,0.1570058735729241,0.041854739931072346,0.14988740259207262,0.22607046948292756,0.1015542671683666,0.1554580802681158,0.3670297804885172,0.47751213924336683,0.33200453513908706,0.33102638720640243,0.3369690776545104,24.611560137157,0,Southampton
7,0.03471034032221578,0.08391417018203662,0.08441309071099473,0.7969623987847527,248.1315789473684,0.18134573302856669,0.8054939040604902,0.013160362910943047,0.10918114043302818,0.8780560342748331,0.15316473747646145,0.8067945452601551,0.2749548010715658,0.7238147222613385,0.033773094152862414,0.07245926100291347,0.046011754222118895,0.1991986523277573,0.15669731287325583,0.039480012753491465,0.14446240879628758,0.20304143722916915,0.10487606664214356,0.15224410937789487,0.3953759779545047,0.4523799126676003,0.31665147820232004,0.3137284621698518,0.3696200596278281,26.02926928469415,0,Everton
8,0.03478945440457761,0.07762920948459161,0.07817150427171812,0.8094098318391125,304.3157894736842,0.11623768555051854,0.8633398326989582,0.020422481750523205,0.07189424488213272,0.9110531775354712,0.15096031888930883,0.790540219381379,0.15334888576422168,0.8450904627106989,0.024431190597488585,0.06476015541414151,0.05041992981534964,0.1410058475940954,0.15500089565517475,0.045756335299153794,0.1583055000742128,0.23400475343877228,0.12631539211161097,0.13961127582697982,0.341763078548424,0.5186256456245961,0.3093694820398847,0.34404647267773913,0.3465840452823761,24.56254517128473,2,Tottenham Hotspur
9,0.040179822531671225,0.08996096660705698,0.0900652323602587,0.779793978501013,333.7631578947368,0.06955844875199431,0.9113213750167727,0.019120176231232813,0.04298686561233354,0.9431363835467617,0.10622299524643514,0.8392522653550852,0.08632851065131245,0.9122527870792407,0.02457572045483838,0.07390620799516605,0.05245912017725135,0.113427039578254,0.145944293280673,0.04918841901952189,0.15073304006508254,0.26823181732709916,0.12153434210211324,0.1509410486272559,0.3085597518784489,0.540499199494295,0.3572632057632215,0.3553227353980201,0.2874140588387583,22.417698920037935,2,Manchester City
10,0.0329351170826784,0.08163176858251525,0.08383030115666781,0.8016028131781384,225.21052631578948,0.21055646866381708,0.7770255262383795,0.012418005097803303,0.1324506587780309,0.8527502468109555,0.22984732098897798,0.7417367238765182,0.2850241573119407,0.7120290161575308,0.04000216777836059,0.06801109059113762,0.04547533425114473,0.2165185574203329,0.15877980584492143,0.03500038078472353,0.147030172683427,0.18931944006562157,0.09986305058033028,0.15348859262064304,0.41029874404997796,0.4362126633293789,0.32423669934717003,0.3065785526908574,0.36918474796197254,26.227330170418778,1,West Bromwich Albion
11,0.03670580066894622,0.08116267854305766,0.0795724768258664,0.8025590439621295,250.71052631578948,0.1728401969430688,0.8105419483735905,0.016617854683340615,0.11076792476121632,0.8708623015612174,0.1997536763963864,0.7624841770764931,0.23920152570050943,0.7570050207605789,0.02537026483065282,0.07119637636366237,0.04233092886090196,0.18422889330561104,0.1736789104465624,0.036300173629912426,0.14313123174923756,0.21694339559003983,0.10681982522341929,0.13889757005521722,0.39420797738208596,0.46689445256269674,0.32490392653818645,0.3128018407769092,0.36229423268490435,25.496459056256523,0,Leicester City
12,0.031082620433359825,0.0842313849341593,0.0861680934060811,0.7985179012263997,234.57894736842104,0.18377759798730825,0.8029359916281696,0.013286410384522064,0.10862110074195484,0.8766946506132529,0.18309844989150537,0.7796274547114815,0.2854682923291095,0.7139186886368188,0.031506866085634064,0.07571332180086288,0.047149055909423705,0.18808407763979282,0.17411931883387957,0.03527078591487474,0.13039935284271692,0.21924857238088305,0.09850864859193181,0.15436924379592074,0.39747418238854726,0.4481565738155319,0.3418420465519347,0.29935269002141673,0.35880526342664854,25.22053652661473,1,West Ham United
13,0.03184070581479995,0.0820182753894196,0.08103438384510622,0.8051066349506741,220.44736842105263,0.18636745741263774,0.7979088557786028,0.015723686808759293,0.12183366053935714,0.8634099577942697,0.16890978286088656,0.7856538190266613,0.27753322820044113,0.7207134724535443,0.028827218725301765,0.07962335483345219,0.042862089676222015,0.18806001338110395,0.1780532894245193,0.04233091251158741,0.1305438946919314,0.2031855603090759,0.10651366644680578,0.15131266323497605,0.4084442153172107,0.44024312144781313,0.3188297672480072,0.30777930664557857,0.37339092610641417,26.0766242592011,1,Stoke City
14,0.035114925781621696,0.08327084160090906,0.08233947083348217,0.7992747617839869,261.3157894736842,0.16223433448410043,0.8205850098247081,0.017180655691191368,0.09783452110171967,0.8867817380333833,0.16561157543713279,0.7844908957626364,0.2420999546640195,0.7560132384681056,0.028700093918309837,0.07585425907901765,0.04550570968901552,0.1788375204418807,0.16125956011983325,0.04658818747098997,0.1476244813605323,0.2008056208230732,0.1148245670973472,0.1500600626863431,0.386685268032704,0.4632546692809528,0.3439188118456456,0.3159259469720295,0.34015524118232476,24.4978224647478,0,Watford
15,0.03605112621126986,0.07848364944774047,0.07961054268098035,0.8058546816600092,234.1578947368421,0.2101267865873494,0.778333120753854,0.011540092658796552,0.1297871628374579,0.8576212485723506,0.18838164354189027,0.7832195412128131,0.32654006508005684,0.6730285285351286,0.030034918327353603,0.08114977654320205,0.04628826088706862,0.20019394532864399,0.17400230649137358,0.041599687995646714,0.12438778815326189,0.1951526929500305,0.10719062332341875,0.15747295575762435,0.4157959398156644,0.4267311044267112,0.2973168985553604,0.30814928476581016,0.39453381667882936,26.8695731979748,1,Burnley
16,0.03412911683792262,0.07842169409860308,0.07678806323372563,0.8106611258297485,244.1578947368421,0.16691965181615107,0.8194013350726392,0.013679013111209667,0.0925623600689985,0.8918543146812161,0.17585774401241325,0.7868180168458391,0.24524514281176726,0.7530241836077733,0.032921123960844456,0.07483114283739797,0.04039741326313173,0.19567903923173155,0.1512086537590811,0.037841404946779865,0.17434559098540808,0.19831504507469297,0.09446058594093192,0.14814968006137424,0.3847290979375926,0.46712122200103307,0.318582293745324,0.31826551550277427,0.36315219075190164,25.56445963018533,0,Brighton & Hove Albion
17,0.04270479188200319,0.07979686775733348,0.08150705065104602,0.7959912897096172,267.86842105263156,0.1356268944500915,0.8464113104395653,0.017961795110343015,0.08837427228541521,0.8929111224471631,0.14286843905970303,0.806569949748812,0.17828922542419665,0.8204635921446372,0.03055487933185155,0.06447539250469703,0.042382467258096246,0.1895211897729859,0.161279033282575,0.04500624484197229,0.1762121508163617,0.18510052665400933,0.1054681155374506,0.1374127390946449,0.3958064678975333,0.4667807930078217,0.33982174959941,0.3304125683521128,0.32976568204847717,24.005432048435853,0,AFC Bournemouth
18,0.039617254758584124,0.0820419116185969,0.0840502932823712,0.7942905403404477,240.05263157894737,0.18298349947031817,0.804337671413024,0.01267882911665772,0.11694345951484622,0.8691097124068173,0.19352372303627752,0.7716879607319735,0.2571372267233088,0.7419657976423667,0.03232605393380985,0.06788390609252844,0.048095206864544805,0.19372017242660178,0.16714389229430635,0.04691901332934163,0.14785059357376357,0.19300992620806898,0.10305123527703426,0.14830516689088322,0.4077830780502499,0.4439117550588668,0.3306212486852331,0.303024712989256,0.36635403832551083,25.305993722797524,1,Huddersfield Town
19,0.03562039520449433,0.08436169246383303,0.08532041085471292,0.7946975014769596,262.44736842105266,0.14061429421610777,0.8394656179434619,0.01992008784043031,0.08496483449838721,0.8935604539881764,0.16998342568126076,0.7829834925897824,0.20126165894386655,0.7960870315862477,0.02017164910084611,0.06732485288931644,0.04156016046391356,0.15910448776835334,0.1730713804838465,0.04522626184824296,0.15608849631219654,0.22808149568058214,0.10937121545270202,0.12905666245407624,0.3774021301004429,0.49354120744548075,0.3097602274406836,0.34176536740001917,0.3484744051592972,24.79258850852965,0,Monaco
20,0.034393608504267634,0.08327339182184189,0.08331365025011751,0.7990193494237728,274.5,0.16264106381898968,0.8220681134485792,0.015290822732430924,0.10678608970727985,0.8801789089720493,0.16452286744642947,0.7869833613582122,0.23658106921659428,0.7615859050091613,0.028242754938748678,0.0669077849418294,0.042531434825254996,0.1759658548234596,0.17454168167852618,0.04259963931148335,0.15584199052321468,0.2161770961243348,0.09719176283314791,0.13768197470583318,0.39310717581346927,0.46921084948069747,0.309429524990036,0.31701697962967756,0.37355349538028637,25.35775484484393,0,Werder Bremen
21,0.02993723001821448,0.07716941587484258,0.07699719960014002,0.8158961545068029,341.79411764705884,0.10328283806920728,0.8849781208682143,0.011739041062578387,0.06530627805427555,0.9249924733985014,0.14881208398347698,0.818211746297439,0.1240701077237951,0.874217346810459,0.027302633622615098,0.07192920783063002,0.048488271326662835,0.12708767823678813,0.14415692060370844,0.037997049731250905,0.17286217635174095,0.25331644151756877,0.11685962077903449,0.14772011277990804,0.3092416485717476,0.5430382386483443,0.3186442721086032,0.3515995238596394,0.32975620403175737,23.793343905372137,2,Bayern M\u00fcnchen
22,0.03427194417605544,0.08393721741758448,0.08376029845370758,0.7980305399526524,302.8529411764706,0.11763332370456611,0.8675325476261063,0.0148341286693274,0.0653702305805131,0.9206920943249338,0.15530380783772327,0.8062017103405933,0.16503718979244933,0.832952131553496,0.03116139793940321,0.07338184124883779,0.0459786535781851,0.14667125208351847,0.1658111001480796,0.04239559118945381,0.15435131235128377,0.2250137248683761,0.11523512659286182,0.1505218927664262,0.354877943421052,0.49460016381252175,0.3606263635973749,0.32840700460197864,0.3109666318006464,23.206787180189064,2,Bayer Leverkusen
23,0.03600402133061127,0.08024150147866446,0.08118272045365912,0.802571756737065,302.9117647058824,0.11693374254610792,0.8646060971674985,0.01846016028639348,0.07240596945769721,0.9143067963961613,0.13790074755425222,0.8069903268856419,0.16892569058742332,0.8288364213109508,0.021872836931707235,0.0713454235630704,0.0462439846183904,0.15021329355676097,0.16135583912169152,0.0462518371102486,0.1426462029128388,0.24284852814345073,0.11722205404184098,0.13946224511316815,0.3578209697887012,0.5027167850981307,0.3300238681349076,0.3401642537826603,0.329811878082432,24.033856012517308,2,Borussia Dortmund
24,0.030173856699267903,0.07811079157990926,0.07878452930358097,0.8129308224172418,261.4117647058824,0.14327156951051476,0.8407658214221867,0.01596260906729852,0.08570914477607554,0.8986120357520461,0.15316745178877914,0.7956896110942722,0.20473975502667036,0.7938403349040387,0.02818703883041153,0.0811802247609998,0.04009741715639119,0.18182425457309886,0.15342775863871436,0.03535469860393215,0.17730764877153649,0.214659961508178,0.08796099715673725,0.14946468074780261,0.37060671181574545,0.4799286074364519,0.3036273599449676,0.35364738221458536,0.34272525784044694,24.514905148207312,0,Schalke 04
25,0.041409989497671766,0.08090465201235932,0.08130541128199517,0.7963799472079736,255.5,0.16731604650699958,0.8172155106158551,0.015468442877145256,0.10675569706438799,0.8794202980263682,0.18697297925100856,0.7638262324140767,0.23683704352380358,0.7625670847679538,0.02785284836926279,0.06028333283031171,0.03882587355024806,0.184403395047938,0.1867974688176816,0.04734873220310005,0.1423992002329022,0.2051187919887289,0.10697035695982635,0.12696205474982264,0.4185495960687198,0.45448834918145753,0.3134935739871318,0.31637265883029925,0.3701337671825689,25.53530827088801,0,Hamburger SV
26,0.03124739121012987,0.08198174211958165,0.08313510563361527,0.8036357610366731,268.5,0.14344708098361514,0.840745611505998,0.01580730751038676,0.08331536216892375,0.8977353244300597,0.1642317485324278,0.7898368909617544,0.2077332954490598,0.7902550728728439,0.030581800276406022,0.07888097469331863,0.039427572131971275,0.18297724818430627,0.1613848279013026,0.0319289192787784,0.18117996667541045,0.21123441084316996,0.08240428001533603,0.14889034710169602,0.37629099536438737,0.4748186575339165,0.3073708318777924,0.33028455633302967,0.3623446117891779,25.145998576384923,0,Wolfsburg
27,0.040959887404026424,0.08259485837173497,0.08100929295192168,0.7954359612723169,245.64705882352942,0.16348977557952643,0.8252387198916527,0.011271504528820794,0.09531952091684108,0.8933862830726894,0.16688202610979014,0.794828567794121,0.23560119201924828,0.7643988079807517,0.031315716631370144,0.06916562670388017,0.03569696536097386,0.18457283572172653,0.15840405941590407,0.030557869852251455,0.1899074144383629,0.20248178090811259,0.09789773096741791,0.13617830869622427,0.37353476498988214,0.49028692631389353,0.3158063522780224,0.3215285820095652,0.36266506571241236,25.14366377100748,0,Freiburg
28,0.03843921331590984,0.0849461295468156,0.08481474849424539,0.7917999086430291,279.20588235294116,0.12260155465809601,0.8580697427006503,0.019328702641253692,0.07416767887127446,0.9071899044079167,0.11457371262671795,0.8288073416580957,0.18271726051611953,0.8147576149979241,0.032221283658115836,0.07200681188108544,0.044828633062763336,0.1712710955173431,0.15126928868285,0.036693546348127444,0.1716252034336828,0.22289972349500187,0.09718441392102982,0.1490567286019647,0.35923393054832065,0.4917093408497145,0.33833394698045866,0.33595804752696856,0.3257080054925727,23.829330662269296,0,Borussia M'gladbach
29,0.03633426928851841,0.07603236440186427,0.0743773143550826,0.8132560519545347,261.97058823529414,0.16735587453041298,0.8173606636961701,0.015283461773416784,0.1072099102051086,0.8736671665517889,0.18083642774135789,0.7807651505069154,0.22298961219384086,0.7745710312372185,0.036116817090363636,0.06355537176675341,0.03676546514165577,0.20046912720581145,0.17002858446827446,0.037966160826932265,0.17004099697795244,0.19181157192604822,0.09324590459620798,0.13643765399877292,0.4084638725010183,0.45509847350020877,0.32867426318348686,0.3206767542323826,0.3506489825841304,24.573438972806276,0,Hannover 96
30,0.031201201138511468,0.08675290101749349,0.08641524932336274,0.7956306485206321,259.0,0.16511008694924606,0.8172989999064303,0.017590913144323542,0.09216326060802628,0.8896029703235566,0.15605075096010648,0.7877575119764487,0.26136890555285,0.7369692833566944,0.031373413614050175,0.08023244900095239,0.03497590110372229,0.1827707870610181,0.16972569694119038,0.03372470123664541,0.14979969729522283,0.2201600644776027,0.09723728926959539,0.14658176371872492,0.38622118523885396,0.46719705104242104,0.31846370559291337,0.3281618085129288,0.3533744858941577,24.714181560533426,0,Hertha BSC
31,0.03258146313811785,0.07775431470345208,0.07731437139605933,0.8123498507623707,240.6764705882353,0.16079153359149753,0.8238344240161627,0.015374042392339733,0.1148399531498393,0.8691528218406628,0.1518076009111381,0.7965063542106735,0.21800359373486672,0.7804281901867638,0.02800916326289167,0.06720363499901767,0.04063642904749654,0.1842449555736316,0.16161891669740305,0.03459794334312865,0.16714162800203097,0.21753719504194563,0.09901013403245387,0.135849227309406,0.3804618156141634,0.4836889570764305,0.30832915000019856,0.3175595057413685,0.3741113442584329,25.642938580855997,0,Mainz 05
32,0.03198863710216182,0.07713080109850481,0.07572216238560524,0.815158399413728,261.0882352941176,0.17175623876842816,0.8080319644852756,0.020211796746296237,0.11752239914796828,0.864964701548287,0.17379703564691162,0.7590080479386953,0.23686046605488922,0.7626211744273905,0.02635657434605178,0.07305198220721346,0.04395979070801178,0.1831826405972734,0.16907361691765907,0.03916216778572901,0.1517090519255826,0.2135839194775257,0.09992025603495282,0.1433683472612771,0.3914184253006616,0.4652132274380612,0.28715439866591635,0.32068766371861535,0.3921579376154682,26.426461738770627,1,Eintracht Frankfurt
33,0.038145379879408636,0.07889447512080473,0.07982468937519571,0.8031354556245908,251.7058823529412,0.21339151126543265,0.7677404468535899,0.01886804188097739,0.15312454702764608,0.8276076918485931,0.23563238580987095,0.7149419831140572,0.2707915803282022,0.7269286445257034,0.02929447179779937,0.06609911617760571,0.03939644162889118,0.19112445054589786,0.1753217948606054,0.04056570257752096,0.16360713272071853,0.1873373490904817,0.10725354060047897,0.13479002960429634,0.4070119479840243,0.4581980224116793,0.29475734632020256,0.30612002764072854,0.39912262603906884,27.04255865901476,1,Augsburg
34,0.0338651332798369,0.07984957528307766,0.07967804657014683,0.8066072448669385,292.61764705882354,0.1296197745490048,0.8508497667872175,0.019530458663777686,0.08295486027552171,0.894576292683272,0.14984441643310498,0.7914781817554839,0.16667130288823467,0.8305354744088149,0.037731008957043066,0.07531319745328452,0.038244187860550866,0.17842002395993042,0.14147456656357782,0.03316443147654715,0.1961462781125539,0.2044795209960085,0.09502678462050339,0.15128839427087856,0.3530590220000555,0.4956525837290659,0.32056585211072286,0.3360192517333794,0.3434148961558977,24.576808223298467,0,Hoffenheim
35,0.03574596544491306,0.08311710203597765,0.08373646325397065,0.7974004692651385,301.2352941176471,0.12387390594925986,0.8539233019860725,0.02220279206466762,0.08171211472759898,0.8957637980148672,0.11945243123982374,0.8194752999786847,0.19321343483308104,0.8065474451286597,0.024355594104154926,0.07669881012336825,0.045718764796913336,0.16126266598709324,0.18656441344864338,0.04483938985499802,0.12897699836714438,0.22950481143047508,0.10207855188720906,0.1467731690244366,0.39266646929073473,0.46056036168482856,0.3562289459777941,0.3238301114351593,0.31994094258704664,23.728477286159677,0,RB Leipzig
36,0.03668987041098588,0.08114665753990029,0.08123900621261561,0.8009244658364981,300.5263157894737,0.121245500022104,0.8663344282110095,0.0124200717668865,0.0782456317018179,0.9095520429435464,0.16217794847456282,0.8047336083106853,0.15720074769730844,0.840327956598499,0.028002387332785084,0.07389222600191012,0.05116019838156285,0.14590480004705392,0.15144004637945646,0.03593817891831668,0.17386294545719175,0.23398737823327398,0.10581183924844885,0.15305481171625815,0.3332830253448272,0.5136621629389146,0.3361585791342547,0.3399834976532503,0.32385792321249496,23.71521685745648,2,Milan
37,0.03374766030487099,0.08185848697777513,0.08296746752002518,0.8014263851973286,299.3157894736842,0.12906724525843935,0.8525211264059195,0.018411628335640938,0.09259135424129107,0.8895949013912545,0.18276035501671817,0.7733239724288601,0.1444685344373637,0.85328114326874,0.03159606921268634,0.07312768374471108,0.053473591241126335,0.13464283661842677,0.16050795187479544,0.04443908705445582,0.1520465507496965,0.23518848692425323,0.11497774257984811,0.15819734419852385,0.3395898755476781,0.502212780253798,0.3006584660622713,0.3514236091941409,0.34791792474358774,24.839167373522596,2,Roma
38,0.034269157596255886,0.0811189708237042,0.08049224411844418,0.8041196274615956,298.1578947368421,0.10162904083987025,0.8862019665972718,0.012168992562857783,0.06658112904772369,0.9247078070042066,0.13536083242097946,0.8169274853352276,0.1273337456070497,0.8718004396324414,0.028562446801333703,0.07350103682177052,0.041711813511611705,0.1430886765593182,0.1292265066299158,0.03140456875524805,0.20236424679862375,0.24731642113991692,0.10282428298226096,0.14377529713471604,0.3037197519444822,0.5525049509208018,0.3198171565942557,0.34772233288378385,0.3324605105219604,23.561708389839442,2,Juventus
39,0.034537815446239226,0.08224772968954404,0.083938009759639,0.7992764451045776,308.5,0.10742753933674234,0.8767185714530216,0.015853889210236033,0.0722522264664654,0.9104819521912088,0.1928365598790429,0.7660742035514528,0.1066980039392244,0.8916994401885758,0.028303838212017395,0.07228576250125818,0.04099341209516117,0.15099659879304098,0.14920300584573484,0.0397585516637798,0.17560269104252849,0.2395603419285088,0.10329579791796994,0.14158301280843685,0.3399581563025557,0.5184588308890073,0.3496313030855373,0.34420339263236494,0.3061653042820977,22.872563021240243,2,Internazionale
40,0.031755005907890446,0.08051579079427601,0.08001438348909476,0.8077148198087386,299.94736842105266,0.12247814596911277,0.8541786201398144,0.023343233891072738,0.07651281429319129,0.8975973833862617,0.15111551436515255,0.7897676160367899,0.16269640494400792,0.8355064819671575,0.03101069220343979,0.06389205825059649,0.04699008692330248,0.16754252600230157,0.1524046343149744,0.03761644215054832,0.17807617976116707,0.21698027946287962,0.10548710093078989,0.14189283737733885,0.35756360246782437,0.5005435601548367,0.32869149084311033,0.33776895032309556,0.333539558833794,24.29327299134198,2,Lazio
41,0.03702500033235268,0.08567045511498533,0.08637661804514792,0.7909279265075139,262.5,0.17044092145651302,0.819752819202996,0.00980625934049086,0.11343134996749721,0.8781431524162101,0.19794530320997272,0.7684090371274586,0.22706969495461338,0.7726170218373666,0.031513716922751005,0.06788309205476155,0.043332516815795454,0.17410853577649643,0.16045646036308253,0.036476780713479665,0.16282186311525285,0.22276270567784104,0.1006443285605391,0.14272932579330808,0.3710417768530587,0.48622889735363306,0.33650069237603375,0.3172516102695642,0.346247697354402,24.626038533482085,0,Chievo
42,0.03726413142606017,0.0841870733194913,0.08436507020005406,0.7941837250543944,253.18421052631578,0.1396294353355448,0.8453819200926855,0.014988644571769474,0.08410241086863397,0.900431119902453,0.1754922242105329,0.7712811754558048,0.18479066257292542,0.8142277659707727,0.034056315005977715,0.07942703160928773,0.03526672689284907,0.1870293379368105,0.15062237327201908,0.032445865098397864,0.1842794165269149,0.2161171700937022,0.0807557635640406,0.14875007350811462,0.37009757630722756,0.4811523501846578,0.33287100411882614,0.3233431798119671,0.34378581606920666,24.15401265789088,0,Bologna
43,0.03548768571614086,0.07784869891378535,0.07778708190052148,0.8088765334695522,304.9736842105263,0.1249272871917508,0.8585301822480572,0.01654253056019192,0.08160371009702957,0.9074457536135828,0.13475859462382078,0.81203908683695,0.17706908539606622,0.8216609113200714,0.02166113375042967,0.06413627655135294,0.04277144963562895,0.14736006490908596,0.15949755253830064,0.04649238526442539,0.17443528245793127,0.2170299335962097,0.1266159212966351,0.12856885993741166,0.3533500027118121,0.5180811373507762,0.32626362567202954,0.3307029435328299,0.3430334307951404,24.23147388757772,2,Atalanta
44,0.03403010933474455,0.08333813079404784,0.08286609575135336,0.7997656641198541,260.0,0.17704727591986863,0.8075723786781054,0.015380345402025852,0.1321552124899857,0.8520607813644776,0.20614448464836121,0.7468417990350771,0.2224783409599152,0.7763811907406848,0.029549724891562778,0.07781321096752597,0.03903810426365502,0.17726825005103483,0.1652325488155172,0.033335577294700915,0.17060167070995721,0.20570907261486496,0.10145184039118077,0.14640104012274385,0.37583637616125304,0.47776258371600305,0.34020407710298906,0.3162552877840696,0.3435406351129413,24.397046390172438,0,Cagliari
45,0.034842983944695406,0.08029803350595617,0.08003772951419545,0.8048212530351528,260.1578947368421,0.14915085678029802,0.8383403595667019,0.01250878365299993,0.09799922703520707,0.8896716646661849,0.1695738714036312,0.7908450895201696,0.19888682867061624,0.8001446708452776,0.0327099608898421,0.07106325438545255,0.03835719668519099,0.16974137603554576,0.1545200523434222,0.036988280672708075,0.189967185434536,0.20651513260057938,0.10013756095272253,0.14213041196048573,0.36124970905167614,0.4966198789878381,0.3453367146551687,0.318152265281445,0.3365110200633862,23.81467702945606,0,Torino
46,0.03384148744269585,0.08913137052528132,0.08896877627529909,0.7880583657567236,404.6842105263158,0.07754403641127794,0.9069183055440754,0.01553765804464668,0.053219233985083776,0.935280196288797,0.11534652263309375,0.8404258549836767,0.09011296806634254,0.9085302455725723,0.025621376009381813,0.08513195956521391,0.055585710039892995,0.10969603441745059,0.16626383874258122,0.040498278391951525,0.13217698056902397,0.27302548245877434,0.11200033980572932,0.16633904561448878,0.3164581515519834,0.5172028028335277,0.3854552595424783,0.3516943054483989,0.26285043500912275,21.61227300465158,2,Napoli
47,0.03721224587153504,0.08289467603502994,0.08499677420589641,0.7948963038875384,244.47368421052633,0.17367648733479757,0.8150925684282077,0.011230944236994717,0.10932216474890168,0.8792847615440395,0.22581486381604235,0.7352366347759483,0.2221009714259331,0.7766477212152645,0.037081880140520974,0.07736869873736248,0.03193095666347944,0.19701866344230345,0.1498171408767358,0.03435245048218152,0.18839494659227982,0.19642856846995596,0.08760669459518015,0.14638153554136302,0.38118825480122087,0.472430209657416,0.3312643441397787,0.31468509649247567,0.3540505593677456,24.827849552224734,0,Hellas Verona
48,0.03410518622662194,0.08177528240365887,0.08115929178103541,0.8029602395886837,244.6578947368421,0.1916492762882179,0.7947382694323718,0.013612454279410251,0.12846255577580146,0.8611177287311687,0.20113583110380948,0.7489927167566012,0.25846797671988303,0.740665024778425,0.02814098674863728,0.06587347044670817,0.03885658998371061,0.19184046851748862,0.1730348253696537,0.04035040123390027,0.15481897477241185,0.20456485087161685,0.10251943205587231,0.13287104717905615,0.4052256951210427,0.4619032576999011,0.32635269457269467,0.32021030206284096,0.3534370033644643,25.29817794472608,1,Crotone
49,0.03493261682399965,0.07384677634050113,0.07509047128315324,0.8161301355523459,233.97368421052633,0.16117787571157396,0.8251731945631119,0.013648929725314084,0.09696118919573289,0.8877556887091577,0.19321866174933938,0.7702618758156691,0.21854385706804086,0.7787214380144178,0.038713224701003954,0.0768032947185847,0.041330672445365146,0.18926652998748664,0.14495569197796412,0.03214988219844448,0.17867695630298197,0.21257417435944173,0.08552957330872689,0.15684719186495388,0.3663721041638953,0.4767807039711507,0.35214963360753293,0.3116583944171818,0.3361919719752852,24.237686893647247,0,SPAL
50,0.04386467543654891,0.08788107883814017,0.08973034466689982,0.778523901058411,256.2105263157895,0.13401269115309222,0.8567478777462197,0.009239431100687914,0.08239111150766673,0.9081827835199209,0.18260113766617891,0.779224558152674,0.16909417142659122,0.8301596093164774,0.03770566479350155,0.07558442178224324,0.03666521729829288,0.1888562404935105,0.13696908877619665,0.03149696090304409,0.20065682867614054,0.2072889697929039,0.08477660748416632,0.14995530387403774,0.3573222901727513,0.4927224059532109,0.33544778803081293,0.3316119074411182,0.3329403045280688,24.3682353197516,0,Benevento
51,0.035488819613484456,0.08411315575420485,0.08336368381636132,0.7970343408159493,248.81578947368422,0.18343983770315408,0.8019935923757184,0.014566569921127426,0.13085104599510325,0.8549020100852361,0.19551480105051713,0.7644491102082749,0.2325092943754633,0.765820288509534,0.029141502885681094,0.06004683795133653,0.04272584891518592,0.18779023827084937,0.16674915771015497,0.04782895514640519,0.15591174569627872,0.18846279634932256,0.12134291707478526,0.13191418975220362,0.40236835112740965,0.4657174591203866,0.2990558102237666,0.3197618728341849,0.38118231694204846,26.204371744943554,1,Sassuolo
52,0.033511970452702655,0.08027982177512491,0.08122301256554043,0.8049851952066319,276.60526315789474,0.08654857032368754,0.8969120435004037,0.016539386175908666,0.04946016906264822,0.9326749371248639,0.10870466247741288,0.8418973280441008,0.11999799751013285,0.8780904419925243,0.02718054134297736,0.07350055444104292,0.040145445594463446,0.15024893163004982,0.1505518721293931,0.03809305729696277,0.1892369281807753,0.2402033998001957,0.09083926958413922,0.14082654137848383,0.33889386105640584,0.5202795975651103,0.3383329280632135,0.3383535429813405,0.3233135289554459,23.40063625477343,2,Olympique Lyonnais
53,0.03582340635896133,0.08480544080531312,0.08591837169266588,0.7934527811430595,318.42105263157896,0.06639719687160595,0.9114280419167748,0.022174761211619085,0.0458768072684598,0.93840078990339,0.14059728372204425,0.7847450929150128,0.05410099081237039,0.9437620153674795,0.025134237489816736,0.06878216622049199,0.04173639865435428,0.12015858937751282,0.15319319984085902,0.0390651012864445,0.17191942506382515,0.27654174528559033,0.10346913678110477,0.13565280236466312,0.31241689050481647,0.5519303071305204,0.3664906559473265,0.35322676768194655,0.28028257637072684,22.051502251052767,2,PSG
54,0.03288475718890593,0.08532579603347185,0.0847623185105445,0.7970271282670776,255.21052631578948,0.1679413756466838,0.8148553857355396,0.01720323861777646,0.11052445966159037,0.8721815746414048,0.1836925437168746,0.7740843741291882,0.2297670111139057,0.7681967060596986,0.027028906760952272,0.06720528270099485,0.04502546903289234,0.1813685116010822,0.17916125083101334,0.04631163415468356,0.1446055405080824,0.1917808756336635,0.11751252877663522,0.13925965849483954,0.4068413965867792,0.45389894491838123,0.3458875813147132,0.3085746616801346,0.34553775700515216,24.666385251278115,0,Nantes
55,0.03335112876740059,0.08751166888353931,0.08946489688265442,0.7896723054664055,285.13157894736844,0.11221060868003305,0.8705218277636205,0.017267563556346247,0.07457320854082697,0.9084436131950953,0.16050936813052255,0.7889534591915089,0.13096034303813267,0.8677016104972626,0.03029362198198974,0.07192891753202735,0.04309020178099419,0.1598709216484788,0.15902656209089472,0.04215334853151722,0.17301843801627276,0.2130770935907698,0.10754089482705508,0.14531274129501137,0.3610508322708908,0.4936364264340978,0.3469227832327778,0.3375574956827519,0.3155197210844703,23.74495721357461,2,Olympique Marseille
56,0.03592102973140015,0.09059023004277557,0.09110280547646565,0.7823859347493585,268.42105263157896,0.12356600974646306,0.8623459929920229,0.014087997261514069,0.07504906107981718,0.9124273750754056,0.15511771114936815,0.801971343857436,0.16073812956851444,0.8383015658900632,0.031371983631627236,0.0699659237345468,0.04293108053444544,0.16382923852161121,0.15792962337124158,0.03979374949777103,0.1718506430979101,0.21568277660785729,0.10664498100298894,0.14426898790061957,0.36155261139062395,0.49417840070875646,0.3393464392051248,0.3319421229460264,0.32871143784884876,23.929697418932076,0,Bordeaux
57,0.03491132509676226,0.08084213498388228,0.0824130069072639,0.8018335330120914,256.0,0.1423487564244404,0.8404239414830705,0.01722730209248897,0.08965778404231273,0.8931798261726395,0.1633502498095751,0.793743169712812,0.2097944045443191,0.7875010975742767,0.022806126598433233,0.07319293543295996,0.045876013335000514,0.16267060010909726,0.17199091967820884,0.03948981886226023,0.1452124657149235,0.2373137917166083,0.10144732855250782,0.14187507536639382,0.3741513386495664,0.48397358598403967,0.3213129528071283,0.31744871374682926,0.36123833344604234,25.099691745083984,0,Rennes
58,0.03943521607350634,0.08741857229077424,0.08887577742068092,0.7842704342150384,306.89473684210526,0.07778175749384282,0.910724699595996,0.011493542910161149,0.05060828604086865,0.9354960017434181,0.12276153522735746,0.840091455026824,0.08999865110243478,0.9092202973952174,0.030730593171912318,0.07614145557205507,0.032279282169037395,0.1542990609946946,0.12326344257774195,0.024686412927765296,0.22149140551596533,0.25884903948475246,0.07825930758607533,0.13915133091300486,0.3022489165002019,0.5585997525867932,0.34843311616712147,0.365394910662238,0.28617197317064047,22.396021019405406,2,Nice
59,0.03456261809290718,0.08123752485611856,0.08325006839812428,0.8009497886528498,280.8157894736842,0.09976144454553669,0.8825961095588442,0.017642445895618954,0.06285712085728194,0.9165510258753391,0.1345157482980098,0.8165269962667435,0.13124634463163926,0.8668334601841312,0.03031725706242417,0.06692779308573413,0.03634529378658793,0.1686525782440139,0.15698414206142589,0.03327631991631278,0.191758522276469,0.22485744177203906,0.0908806517949928,0.13359034393474634,0.3589130402217527,0.5074966158435009,0.3440412937769399,0.3439422425039962,0.3120164637190637,23.102244305761218,2,Lille
60,0.035137387977583014,0.08388348721592846,0.0843440331999364,0.7966350916065521,249.57894736842104,0.15877652599505876,0.8236067455614456,0.017616728443495527,0.11197897554003382,0.8713152120872703,0.20163619423103438,0.7430755673207937,0.1941427311932356,0.8036337848174878,0.029034619648765924,0.07313002790971937,0.043612147945181035,0.17246483405440524,0.14770721474139567,0.03324151386178631,0.184068824590857,0.2160259272055599,0.10071489004232922,0.1457767955036664,0.35341356265758733,0.5008096418387462,0.3265833716374823,0.30827811458409354,0.3651385137784241,25.36856424391675,0,Strasbourg
61,0.034898308208937294,0.08201347559345644,0.08157535678506947,0.8015128594125367,232.5,0.17615677579206626,0.8042750256852615,0.019568198522672192,0.11791178897479355,0.8610068199964752,0.20739646927422162,0.7456459139378042,0.23391529497104485,0.7639480107381413,0.025728846177647507,0.06403794489339985,0.042132234449495015,0.18137688898732138,0.18907151079124365,0.047706897110974034,0.13637591808456265,0.19986693154304083,0.11370282796231468,0.13189902552054247,0.4181552968895392,0.44994567758991827,0.3038654245980889,0.31518164580711694,0.3809529295947941,26.01122023828042,1,Toulouse
62,0.03389450264218849,0.08289180152453259,0.08414383788965313,0.7990698579436257,264.89473684210526,0.12925623963711222,0.8547366641771639,0.01600709618572374,0.08494696896039565,0.8964797361715019,0.1552727711217096,0.7951186014707399,0.16692570352736547,0.8322269483014865,0.03085414761834539,0.0768174053241585,0.03765116867936737,0.17542810054208635,0.1654750741873466,0.03810522569049653,0.17738614699073257,0.21205448533736657,0.08622824563009979,0.14532272162187135,0.37900840041992956,0.47566887795819907,0.3541038558431217,0.32082894274256907,0.32506720141430917,23.628214955372293,0,Saint-\u00c9tienne
63,0.03140549406072673,0.07737481832458953,0.07973495953181971,0.8114847280828639,252.47368421052633,0.1646122561705416,0.819705178516191,0.015682565313267383,0.10653339273082298,0.8761105027328157,0.2113126885044089,0.7531251444923059,0.21241401527663276,0.7849750614307955,0.030953078205590782,0.075528122985094,0.04206657677531954,0.18224334961036165,0.17001607970070107,0.03793254612287385,0.14334152357343113,0.21093096841949352,0.1069877546071341,0.1485477779660044,0.3901919754339367,0.4612602466000588,0.3182796888966767,0.3202049016966608,0.3615154094066624,25.38853783380062,0,Caen
64,0.03603014665109621,0.08559041166453434,0.08388411223068305,0.7944953294536863,257.55263157894734,0.1344489368183791,0.8468827024860119,0.018668360695608927,0.08425997071660514,0.8953090566647965,0.1642039418344002,0.7930720240734186,0.18422622835786123,0.8143524198750005,0.030808342331112636,0.07335184239366056,0.045958627910857835,0.16330474203712453,0.18339916748871002,0.046441125580487824,0.1495815020255646,0.20818693892655818,0.09896771130592343,0.15011881263563112,0.3931450351063224,0.45673615225804626,0.3658334826932565,0.31928756883066195,0.3148789484760815,23.48757833893932,0,Guingamp
65,0.03402041233512455,0.0868489021736561,0.08486870624885441,0.7942619792423649,263.9736842105263,0.1542237741647539,0.8296611253738918,0.01611510046135425,0.10350862686983023,0.8760304830494029,0.1977658173868616,0.7639899410253758,0.19630686142368478,0.8028497491424428,0.02838632434322905,0.06962565629596336,0.0431807932295855,0.17568939538097872,0.17677692805712922,0.02919819603854671,0.15845481249102308,0.2127558035565469,0.10593209060699706,0.141192773868778,0.38166451947665475,0.47714270665456715,0.30953276105051725,0.31412634858348804,0.3763408903659946,25.66716859753789,0,Montpellier
66,0.036868484994281685,0.08089099714750178,0.08248091098040122,0.7997596068778151,249.31578947368422,0.15734104990007033,0.8251009118219232,0.017558038278006387,0.09350375884399696,0.8878720072719113,0.1734734984771724,0.7723840392863217,0.22482371921159752,0.7728119744991456,0.03124383444527674,0.06833872618430753,0.03328179139655823,0.19625588938284205,0.1689874288721388,0.03775697035928215,0.16279503461845835,0.20490476319992418,0.09643556154121162,0.13286435202614258,0.4030002886142631,0.4641353593595942,0.34224378339799266,0.32154385801260255,0.33621235858940474,24.347993162426086,0,Amiens SC
67,0.035487543009566094,0.08218594240510538,0.0842487175495124,0.7980777970358159,247.78947368421052,0.14358705213288606,0.841714305366248,0.014698642500865769,0.10204747670508796,0.8818482311978189,0.16589045361742838,0.7922237520298646,0.17748792243907882,0.8205103764245633,0.030892569272070063,0.06047697851579638,0.042412735913164815,0.18787251283581274,0.16560123306918326,0.03685683009056427,0.18341083160000587,0.19980184770141593,0.09267446100198629,0.13378228370103137,0.39033057599556037,0.4758871403034082,0.3588804505747713,0.3167067627925407,0.3244127866326879,23.822695049440423,0,Troyes
68,0.0348058564364306,0.07874174806580272,0.07805967263646826,0.8083927228612984,248.3421052631579,0.15093596311081378,0.8340228123249392,0.01504122456424678,0.10565084799771342,0.8797299252478396,0.1675194335826192,0.784267417994883,0.19802808815911466,0.8006909596183318,0.025671482358721378,0.07030122350733065,0.04139132408596237,0.18660548049149683,0.17496448099033227,0.03669334189722444,0.16502737229198475,0.20448317574542207,0.0948621186315249,0.1373640299520145,0.39826330337905363,0.46437266666893184,0.34905105162302,0.3174743180737987,0.3334746303031812,24.01106923191165,0,Angers
69,0.03389444779907189,0.0807872018991276,0.08243123436426052,0.8028871159375398,256.86842105263156,0.1596416858622631,0.8245864324280843,0.015771881709652512,0.11099812249047285,0.8714880601766963,0.17382046108690297,0.7809214834072463,0.20777323710361034,0.791489305442012,0.03432177699331886,0.07913959303995659,0.03819281326150886,0.17079239538623509,0.14928214572658677,0.03604099582194451,0.18198459395713742,0.2130440650907143,0.0972016207225972,0.15165418329478442,0.35611553693476644,0.4922302797704491,0.3131177726672292,0.3204492676326936,0.36643295970007717,25.5873795509076,0,Dijon
70,0.034623699670238955,0.0822586714234763,0.08347352016892297,0.7996441087373616,255.55263157894737,0.12649179382652817,0.8551771850189076,0.018331021154564243,0.0815438922772249,0.9000413729811673,0.15906076604445005,0.791525709509625,0.16533909641433672,0.8331329961487264,0.02380229540663772,0.0696193462079271,0.04335529251788435,0.16475069253652314,0.1475971029921331,0.03441104390543446,0.171612730056873,0.23943040611147007,0.10542109026511669,0.13677693413244926,0.34675883943409075,0.5164642264334599,0.30641498387636906,0.35345252049279535,0.3401324956308355,24.579597595664563,0,Valencia
71,0.03393751140340358,0.08337382564031341,0.08437020617225739,0.7983184567840255,309.92105263157896,0.09805750874895976,0.8852900048394998,0.01665248641154033,0.05659233638100616,0.9284710847829788,0.15500606003910367,0.799653747997838,0.11269328200014599,0.8865655539622912,0.026247738358974006,0.07115325238557434,0.05121430903679053,0.12890025321991586,0.1467888230100991,0.04627258777094187,0.1697454964156774,0.223113324811796,0.13656421499023053,0.14861529978133897,0.32196166400095694,0.529423036217704,0.35020723124956793,0.34422479771076925,0.3055679710396627,23.26303467642417,2,Real Madrid
72,0.03274680219819046,0.08152575892928828,0.08151695919157617,0.804210479680945,320.3157894736842,0.08249694796675472,0.8962163511855504,0.021286700847694722,0.05542292224352923,0.9296386195168217,0.09127149352211783,0.8442701118624383,0.11329705633682456,0.884953286048586,0.027856763895332263,0.07119940866662001,0.04748991749658409,0.129567849455508,0.14808979194730995,0.04858390609002768,0.16326963399818464,0.23389314390621774,0.13004958454421522,0.14654609005853647,0.32624154749284573,0.5272123624486177,0.36289806335935637,0.3533014684647258,0.28380046817591775,21.877167093129916,2,Barcelona
73,0.03610433945166978,0.07970037822937055,0.08111431694629502,0.8030809653726646,249.73684210526315,0.15349593871142375,0.8256793141514693,0.020824747137106914,0.09156854651039625,0.8839499475633218,0.18123341736771398,0.771921195420308,0.21702020277271347,0.7808933393527274,0.023059694505149043,0.07149023507328012,0.04912390348555877,0.1755014661619416,0.16297033848047923,0.04599424468182214,0.15531137980948778,0.2058806410210882,0.11066809678119276,0.143673833063988,0.38446604932424305,0.4718601176117688,0.3239825053593482,0.3283210735660255,0.3476964210746263,24.887738476284262,0,Deportivo La Coru\u00f1a
74,0.03375751793532613,0.08171745649817201,0.08378121271359225,0.8007438128529095,252.57894736842104,0.16818122711078648,0.81303810937696,0.018780663512253448,0.0968954192015144,0.8871713594903323,0.1939091559166908,0.7485559981823983,0.25299573950674864,0.7454318120509538,0.028066424859311784,0.07778193927249095,0.04472068595347119,0.16764179449087072,0.1684257310828706,0.039985531339663025,0.143967108964789,0.2203895781695532,0.10902120586697917,0.15056905008527402,0.37605305691340446,0.4733778930013215,0.2996467356410416,0.3192988511438199,0.3810544132151385,25.86671167284742,0,Athletic Club
75,0.034044183120398155,0.08518563950085371,0.08585387838036238,0.7949162989983856,275.39473684210526,0.13209008118581897,0.8485054954902069,0.01940442332397398,0.09070058359712659,0.894009426328427,0.12981993981540854,0.8087631975072138,0.19019199710483511,0.808226143062531,0.02715934799338043,0.07337723651711589,0.04385069378346504,0.15538265242549765,0.1575422342206717,0.047460931345126675,0.16026033339771853,0.23009700719534862,0.10486956312167511,0.14438727829396145,0.36038581799129615,0.4952269037147424,0.38776059034367516,0.3121864175462519,0.30005299211007286,22.891825549484516,0,Atl\u00e9tico Madrid
76,0.03816002643325257,0.08892841483760047,0.08964438576344491,0.7832671729657019,290.5,0.11464504265459714,0.8659831849268812,0.019371772418521577,0.06873240312316985,0.9164286375188052,0.14847789700394057,0.7897016535280033,0.15239261472531024,0.84576496085877,0.02642676465253153,0.07709559824224914,0.04702278165417412,0.1653089730545578,0.16400138533248634,0.044629247886686374,0.15456411986372406,0.2121677340825216,0.10878339523106866,0.15054514454895487,0.37393960627373063,0.47551524917731447,0.35496834772183533,0.33115971443463416,0.3138719378435304,23.361577364037903,2,Sevilla
77,0.03439586326351703,0.08503985245594294,0.08744883818953059,0.7931154460910094,268.13157894736844,0.12579672770231123,0.8519616738905066,0.02224159840718206,0.07511006141094145,0.8998845265849048,0.14114921541044054,0.7986224869741786,0.1753635024161561,0.8221805240917707,0.025318235362711338,0.07149187150233838,0.043810188234745556,0.17173097902603898,0.1446296786328427,0.03293713917019584,0.1840987989916916,0.232129294882249,0.09385381419718626,0.14062029509979537,0.34929779682907763,0.5100819080711269,0.3373502038772895,0.33402544405626394,0.3286243520664465,23.913603601455833,0,Villarreal
78,0.031065868312167014,0.07932212371564437,0.0792438949114633,0.8103681130607252,238.1578947368421,0.17397166007913292,0.8114146601397431,0.0146136797811239,0.10312698946358782,0.8825590369632849,0.20550405459704005,0.7537608168962483,0.24541853982787495,0.7522240832278934,0.02850559876690662,0.07853922891893586,0.04588362882426809,0.1916152948348666,0.15513849528722587,0.040175410232773726,0.14727401632634485,0.20481193460538122,0.10805639220329681,0.15292845651011067,0.3869292003548663,0.46014234313502295,0.32900484134382163,0.3136814528325667,0.35731370582361155,25.22326468116084,0,M\u00e1laga
79,0.03922994949638911,0.08365883953636795,0.08327368756448211,0.7938375234027607,282.2368421052632,0.10020573112892829,0.8835557701558276,0.01623849871524397,0.05073062825512058,0.9289043192532107,0.11917955097008011,0.838047341941156,0.150512393640976,0.8487838939530089,0.03376109920141535,0.0854237902507749,0.04468342084758215,0.16054202887817348,0.13152372573956145,0.028779417141545083,0.1774102204101829,0.2556805825058876,0.08219571502487671,0.16386831029977253,0.3208451717592801,0.5152865179409473,0.31898201087272754,0.3614812662312444,0.319536722896028,23.551268763694143,2,Real Betis
80,0.03833464110398593,0.07902426261447418,0.08066830439909695,0.8019727918824429,271.4736842105263,0.12400188346205548,0.8595615770904095,0.01643653944753508,0.06469560190379535,0.9184277105669405,0.16510622853050982,0.7922449997432361,0.16905354034962364,0.828656767974608,0.04159593393956409,0.08194580392166183,0.052508120559788436,0.15632784457567617,0.14034311822933235,0.04190888028147012,0.17394049354357202,0.21013497829972994,0.10129482664920465,0.17604985842101445,0.3385798430864787,0.4853702984925067,0.30830905040339074,0.34661562479279984,0.3450753248038093,24.423049082767562,0,Real Sociedad
81,0.03912388426834356,0.08122934463000753,0.08228470155432462,0.7973620695473241,259.44736842105266,0.16396975759926438,0.8182810389829179,0.017749203417817702,0.09751083468580042,0.8825654360164862,0.19283145966098952,0.7597851918312355,0.22480350775874122,0.7725912698957432,0.03135646218684017,0.0807127031220058,0.04163048665842382,0.1817984530890089,0.15228566070684568,0.03564802034589514,0.1699204935929066,0.21219593282019314,0.0944517874778804,0.1536996519672699,0.3697321341417498,0.4765682138909802,0.33987628663647845,0.31338884571796066,0.34673486764556083,24.609114792074816,0,Espanyol
82,0.03718211847697613,0.08190081693123655,0.08197608235967972,0.7989409822321075,291.55263157894734,0.1286369179577221,0.8557597503712536,0.015603331671024222,0.071598607780851,0.9156069240197496,0.16376498793668404,0.7822510957192261,0.18103437821125853,0.8172141596328504,0.035668889499706716,0.08412793189292782,0.04367358032384608,0.15514789774490836,0.1445179392744819,0.03539289489276902,0.1785869212411653,0.22758445606207395,0.09529948906812058,0.1634704017164807,0.33505873191215935,0.5014708663713598,0.3178630571189912,0.3386629356950586,0.3434740071859501,24.26599248672036,0,Celta de Vigo
83,0.0322397475355233,0.08411557760034342,0.0841062023051779,0.7995384725589553,212.55263157894737,0.18382143318250588,0.7977096738628509,0.018468892954643157,0.11607304520526862,0.8655850297643758,0.1802579326233349,0.7695894480099877,0.2683890526334636,0.7292088469795548,0.0257981332386508,0.07775033198523597,0.043738448044548725,0.19962070783015778,0.1669742151448364,0.0363749990295999,0.14589799136463313,0.2015324167223423,0.1023127566399946,0.14728691326843557,0.4029699220045942,0.4497431647269702,0.33426288583549807,0.30854521546760344,0.35719189869689844,25.400095284078294,1,Deportivo Alav\u00e9s
84,0.038226223357151375,0.07703239962913125,0.07774338988703385,0.8069979871266834,207.5,0.23010142421165405,0.7438863006646226,0.02601227512372326,0.1554322069789146,0.8202605769851605,0.16364082651625123,0.7643608742529164,0.35991399805829527,0.6392045089936482,0.026130618760574254,0.060179277198831684,0.051022971308313035,0.21026524865339172,0.17931288633405254,0.05339201318882646,0.12223570248521759,0.1845837028863553,0.11287757918443701,0.13733286726771907,0.4429701481762709,0.41969698455600996,0.31006138815929707,0.2869432625447271,0.40299534929597575,27.381929977083203,1,Getafe
85,0.03417654736715624,0.07422569652304059,0.07440874186887865,0.8171890142409244,271.3157894736842,0.21142391575321268,0.777396599228992,0.01117948501779527,0.13582011983053066,0.8555454850897102,0.20323586106873653,0.7683027710163269,0.3502958204936955,0.6488269865238483,0.02411981997708887,0.08361397454139015,0.0579114277955121,0.1531561451245357,0.17863794672107824,0.0476948492213042,0.10194641821919517,0.21252089667147378,0.14039852172842138,0.1656452223139912,0.3794889410669183,0.45486583661909047,0.29275713663308206,0.30114566020860467,0.4060972031583132,27.21302209572066,1,Eibar
86,0.029304091268583524,0.08481474780608131,0.08523321907965117,0.8006479418456839,229.5,0.18064158414918988,0.8044261518872383,0.014932263963571767,0.10585743812311793,0.8800522512806789,0.1893224767415483,0.7645380201584606,0.2634823768485782,0.7344443203289722,0.03351743019416784,0.07686013543589333,0.04491459197851427,0.1984196127126693,0.1610934285592122,0.03702355852223392,0.1464366760686049,0.20494490448276587,0.09678966204593804,0.1552921576085755,0.3965365997941155,0.44817124259730895,0.3474401001313977,0.3005916457601952,0.35196825410840704,25.444861106810592,1,Legan\u00e9s
87,0.03582841087584049,0.08583917796445036,0.08704849079068311,0.791283920369026,236.73684210526315,0.1834489813900677,0.8011747166227586,0.015376301987173529,0.10951818565034079,0.8706630881427413,0.22527896914510118,0.7417985717355667,0.24689181217373224,0.7524830541078252,0.029225120030075075,0.07856316008435417,0.047554838823935096,0.18273110680640245,0.15358057104491424,0.03585467600529535,0.16594040422626447,0.1981096345522205,0.10844048842653826,0.15534311893836444,0.3721663538566122,0.4724905272050234,0.3165928770942368,0.3122004063603483,0.3712067165454148,26.05405938541521,1,Girona
